filename,source_pdf,ma_so,period,style,width,height,cell_index,total_cells,hoa_si,mieu_ta,nguon_goc,split
HVDV_-_NGN_-_010b_crop_01.png,HVDV - NGN - 010b_ver_01.pdf,HVDV - NGN - 010b,Nguyen,line_art,2213,1417,1,1,Ngô Bá Phóng,Rùa,"Bậc cửa chạm tứ linh, đền vua Đinh, ảnh: Nguyễn Trí Quang - VR3D.VN",train
HVDV_-_LTH_-_PT_-_002_crop_03.png,HVDV - LTH - PT - 002_ver_02.pdf,HVDV - LTH - PT - 002,Le,line_art,2164,1500,3,4,Lục Bình,Hoa văn áo giáp,"Tượng hộ pháp chùa Sùng Ân, ảnh: Nguyễn Trí Quang - VR3D.VN",train
HVDV_-_LTH_-_BIA_-_043_crop_01.png,HVDV - LTH - BIA - 043_ver_03.pdf,HVDV - LTH - BIA - 043,Le,line_art,710,7864,1,1,Võ Quỳnh Trâm,Hoa dây diềm bia,"Bia đá thời Lê Trung Hưng, hiện vật bảo tàng Hải Dương, ảnh: Đào Đức Minh",train
HVDV_-_LYTRAN_-_023_crop_01.png,HVDV - LYTRAN - 023_ver_01.pdf,HVDV - LYTRAN - 023,Ly-Tran,colored,1452,1452,1,1,Lục Bình,Rồng ổ thời Lý,"Thớt đá tháp Chương Sơn, Nam Định, ảnh: Nguyễn Ngọc Duy",train
HVDV_-_NGN_-_KT_-_007_crop_01.png,HVDV - NGN - KT - 007_ver_02.pdf,HVDV - NGN - KT - 007,Nguyen,line_art,4245,1805,1,3,Lê Thị Hồng Định,"Bát bảo quạt, pháp lam","Cố cung Huế, ảnh: Phạm Tiến Phát",train
HVDV_-_LYTRAN_-_002_crop_01.png,HVDV - LYTRAN - 002_ver_01.pdf,HVDV - LYTRAN - 002,Ly-Tran,line_art,10592,6351,1,1,Định Lê,Rồng thời Trần,"Chạm khắc bệ đá hoa sen chùa Bối Khê, ảnh: Nguyễn Ngọc Duy",train
HVDV_-_NGN_-_AO_-_098_crop_01.png,HVDV - NGN - AO - 098_ver_03.pdf,HVDV - NGN - AO - 098,Nguyen,line_art,939,769,1,9,Võ Quỳnh Trâm,"Cúc, mai, mẫu đơn dệt trên đoạn","áo dài bát bửu, bảo tàng văn hóa Huế,  ảnh Nguyễn Tấn",train
HVDV_-_NGN_-_AO_-_098_crop_07.png,HVDV - NGN - AO - 098_ver_03.pdf,HVDV - NGN - AO - 098,Nguyen,colored,939,767,7,9,Võ Quỳnh Trâm,"Cúc, mai, mẫu đơn dệt trên đoạn","áo dài bát bửu, bảo tàng văn hóa Huế,  ảnh Nguyễn Tấn",train
HVDV_-_NGN_-_AO_-_001_crop_09.png,HVDV - NGN - AO - 001_ver_04.pdf,HVDV - NGN - AO - 001,Nguyen,colored,2740,2341,9,12,Võ Quỳnh Trâm,"Đào, bầu, mẫu đơn, bách hợp (huệ, ly)","Áo dài bát bửu, bảo tàng văn hóa Huế,  ảnh: Nguyễn Tấn",train
HVDV_-_NGN_-_AO_-_019_crop_01.png,HVDV - NGN - AO - 019_ver_02.pdf,HVDV - NGN - AO - 019,Nguyen,line_art,2171,2195,1,2,Võ Quỳnh Trâm,"Phượng ổ, thêu trên đoạn","Phượng bào công chúa, phục dựng bởi nghệ nhân Vũ Văn Giỏi,  ảnh Nguyễn Tấn",train
HVDV_-_LTH_-_BTLSQG_-_047_crop_01.png,HVDV - LTH - BTLSQG - 047_ver_01.pdf,HVDV - LTH - BTLSQG - 047,Le,line_art,3120,1124,1,1,Nguyễn Tuấn Nam,Rùa trên tranh thờ,"Bảo tàng Lịch sử Quốc gia, ảnh: Trương Tuấn Anh",train
HVDV_-_NGN_-_SACH_-_006_crop_01.png,HVDV - NGN - SACH - 006_ver_01.pdf,HVDV - NGN - SACH - 006,Nguyen,line_art,742,327,1,1,Lưu Văn Hiếu,Hồi văn chữ Thọ,"Biểu tượng của người An Nam,  Bảo tàng Guimet, (Gustave Dumoutier, 1891)",train
HVDV_-_LTH_-_BIA_-_046_crop_01.png,HVDV - LTH - BIA - 046_ver_01.pdf,HVDV - LTH - BIA - 046,Le,colored,8081,1716,1,1,Ngô Bá Phóng,Sư tử chầu pháp luân,"Bia Hậu bảo tàng Hải Dương, ảnh: Đặng Bá Minh Công",train
HVDV_-_LYTRAN_-_032_-_6_-_9_crop_02.png,HVDV - LYTRAN - 032 - 6 - 9_ver_01.pdf,HVDV - LYTRAN - 032 - 6 - 9,Ly-Tran,colored,469,472,2,2,Lục Bình,Hoa sen thời Lý,"Đầu ngói ống, di tích Trần Phú và di tích Hoàng thành Thăng Long. Ảnh: Đặng Hồng Sơn, Gạch ngói và vật liệu trang trí trên mái thời Lý - Trần - Hồ, Nxb Thế giới, 2016, tr.556-557",train
HVDV_-_LTH_-_DA_-_048b_crop_01.png,HVDV - LTH - DA - 048b_ver_01.pdf,HVDV - LTH - DA - 048b,Le,line_art,5552,3071,1,1,Võ Quỳnh Trâm,Hoa mai và sen,"Bia Thịnh Đức, ảnh: Lê Mai Thiện",train
HVDV_-_NGN_-_AO_-_014_crop_02.png,HVDV - NGN - AO - 014_ver_03.pdf,HVDV - NGN - AO - 014,Nguyen,colored,2011,1835,2,3,Võ Quỳnh Trâm,"Phúc triều thọ. ""Phúc"" là con dơi trong Hán Văn.","Áo dài bát bửu, bảo tàng văn hóa Huế,  ảnh: Nguyễn Tấn",train
HVDV_-_LTH_-_DA_-_057_crop_01.png,HVDV - LTH - DA - 057_ver_03.pdf,HVDV - LTH - DA - 057,Le,colored,3745,2468,1,1,Ngô Bá Phóng,Phượng ổ,"Bia chùa Đậu, ảnh: Lê Mai Thiện",train
HVDV_-_LYTRAN_-_008_crop_01.png,HVDV - LYTRAN - 008_ver_02.pdf,HVDV - LYTRAN - 008,Ly-Tran,line_art,6298,3956,1,2,Lục Bình,Pattern áo giáp và hoa thời Lý,"Tượng kim cương chùa Phật Tích, Bảo tàng Lịch sử Quốc gia, ảnh: Trương Tuấn Anh",train
HVDV_-_LYTRAN_-_069_crop_01.png,HVDV - LYTRAN - 069_ver_02.pdf,HVDV - LYTRAN - 069,Ly-Tran,colored,1672,2135,1,1,Lục Bình,Đầu rồng thời Lý,"Trang trí mái nhà thời Lý, Bảo tàng Lịch sử Quốc gia, ảnh: Đặng Bá Minh Công",train
HVDV_-_LTH_-_PT_-_002_crop_02.png,HVDV - LTH - PT - 002_ver_02.pdf,HVDV - LTH - PT - 002,Le,colored,2163,1530,2,4,Lục Bình,Hoa văn áo giáp,"Tượng hộ pháp chùa Sùng Ân, ảnh: Nguyễn Trí Quang - VR3D.VN",train
HVDV_-_NGN_-_KT_-_019_crop_01.png,HVDV - NGN - KT - 019_ver_03.pdf,HVDV - NGN - KT - 019,Nguyen,line_art,6632,3438,1,3,Lê Thị Hồng Định,"Bảo bối quạt lông hạc, pháp lam","Cố cung Huế, ảnh: Phạm Tiến Phát",train
HVDV_-_NGN_-_DO_-_010_crop_01.png,HVDV - NGN - DO - 010_ver_01.pdf,HVDV - NGN - DO - 010,Nguyen,line_art,12595,3417,1,1,Võ Quỳnh Trâm,"Dây lá hóa long hàm thọ, chạm gỗ","Bảo tàng Lịch sử quốc gia, ảnh: Trương Tuấn Anh",train
HVDV_-_NGN_-_AO_-_001_crop_05.png,HVDV - NGN - AO - 001_ver_04.pdf,HVDV - NGN - AO - 001,Nguyen,colored,2740,2738,5,12,Võ Quỳnh Trâm,"Đào, bầu, mẫu đơn, bách hợp (huệ, ly)","Áo dài bát bửu, bảo tàng văn hóa Huế,  ảnh: Nguyễn Tấn",train
HVDV_-_NGN_-_AO_-_008_crop_05.png,HVDV - NGN - AO - 008_ver_03.pdf,HVDV - NGN - AO - 008,Nguyen,line_art,941,703,5,6,Võ Quỳnh Trâm,Chữ thọ trên sa và đoạn,"Áo dài bát bửu, bảo tàng văn hóa Huế,  ảnh: Nguyễn Tấn",train
HVDV_-_NGN_-_010a_crop_01.png,HVDV - NGN - 010a_ver_01.pdf,HVDV - NGN - 010a,Nguyen,line_art,3128,1693,1,1,Ngô Bá Phóng,Nghê ôm quả cầu,"Bậc cửa chạm tứ linh, đền vua Đinh, ảnh: Nguyễn Trí Quang - VR3D.VN",train
HVDV_-_LTH_-_DA_-_025_crop_01.png,HVDV - LTH - DA - 025_ver_02.pdf,HVDV - LTH - DA - 025,Le,line_art,4634,1305,1,1,Ngô Bá Phóng,Kỳ lân,"Bia chùa Đậu, ảnh: Lê Mai Thiện",train
HVDV_-_NGN_-_BS_-_002_crop_01.png,HVDV - NGN - BS - 002_ver_01.pdf,HVDV - NGN - BS - 002,Nguyen,line_art,8943,2294,1,1,Lê Thị Hồng Định,Thần quy mang lạc thư,"Bình phong khảm sành, Đại nội Huế. Ảnh: Phạm Tiến Phát",train
HVDV_-_LTH_-_DA_-_022_crop_01.png,HVDV - LTH - DA - 022_ver_01.pdf,HVDV - LTH - DA - 022,Le,colored,21232,6956,1,1,Lê Thị Hồng Định,"Rồng chầu nhật chuyển hóa lá, mây","Bia Văn Miếu, Hà Nội, ảnh: Viện Nghiên cứu Hán Nôm",train
HVDV_-_LTH_-_MC2_-_001_crop_01.png,HVDV - LTH - MC2 - 001_ver_02.pdf,HVDV - LTH - MC2 - 001,Le,colored,13512,8710,1,1,San Nguyễn,Rồng,"Chạm khắc bảy hiên đình Hạ Hiệp, ảnh: Đặng Bá Minh Công",train
HVDV_-_NGN_-_KT_-_020_crop_02.png,HVDV - NGN - KT - 020_ver_02.pdf,HVDV - NGN - KT - 020,Nguyen,colored,6695,2332,2,3,Lê Thị Hồng Định,"Bảo bối cuốn thư, pháp lam","Cố cung Huế, ảnh: Phạm Tiến Phát",train
HVDV_-_LYTRAN_-_081_crop_01.png,HVDV - LYTRAN - 081_ver_02.pdf,HVDV - LYTRAN - 081,Ly-Tran,line_art,1681,1307,1,3,Lục Bình,"Cúc, sen, bảo tướng hoa thời Lý","Tháp Chương Sơn, Nam Định, ảnh: Nguyễn Ngọc Duy",train
HVDV_-_NGN_-_SACH_-_007_crop_01.png,HVDV - NGN - SACH - 007_ver_01.pdf,HVDV - NGN - SACH - 007,Nguyen,line_art,756,325,1,1,Lưu Văn Hiếu,Hồi văn dây lá hóa rồng chầu nhật,"Biểu tượng của người An Nam,  Bảo tàng Guimet, (Gustave Dumoutier, 1891)",train
HVDV_-_LYTRAN_-_092_crop_01.png,HVDV - LYTRAN - 092_ver_02.pdf,HVDV - LYTRAN - 092,Ly-Tran,line_art,3923,1080,1,1,Lục Bình,Hoa sen và Cửu sơn bát hải,"Trang trí tháp đất nung thời Trần, Bảo tàng LSQG, ảnh: Nguyễn Ngọc Duy",train
HVDV_-_NGN_-_AO_-_001_crop_01.png,HVDV - NGN - AO - 001_ver_04.pdf,HVDV - NGN - AO - 001,Nguyen,line_art,2740,2740,1,12,Võ Quỳnh Trâm,"Đào, bầu, mẫu đơn, bách hợp (huệ, ly)","Áo dài bát bửu, bảo tàng văn hóa Huế,  ảnh: Nguyễn Tấn",train
HVDV_-_NGN_-_022_crop_01.png,HVDV - NGN - 022_ver_01.pdf,HVDV - NGN - 022,Nguyen,line_art,3806,3806,1,1,Ngô Bá Phóng,Chim khách đậu trên cây,"Khay gỗ khảm, Bảo tàng Cổ vật Cung đình Huế, ảnh: Phan Huy Lê",train
HVDV_-_NGN_-_AO_-_001_crop_03.png,HVDV - NGN - AO - 001_ver_04.pdf,HVDV - NGN - AO - 001,Nguyen,line_art,2696,2740,3,12,Võ Quỳnh Trâm,"Đào, bầu, mẫu đơn, bách hợp (huệ, ly)","Áo dài bát bửu, bảo tàng văn hóa Huế,  ảnh: Nguyễn Tấn",train
HVDV_-_NGN_-_AO_-_101_crop_02.png,HVDV - NGN - AO - 101_ver_04.pdf,HVDV - NGN - AO - 101,Nguyen,colored,8834,9168,2,3,Võ Quỳnh Trâm,Phượng thêu trên đoạn,Phượng bào của Hoàng Hậu- Bảo tàng văn hóa Huế-  ảnh: Nguyễn Tấn,train
HVDV_-_LTH_-_BTLSQG_-_006_crop_01.png,HVDV - LTH - BTLSQG - 006_ver_01.pdf,HVDV - LTH - BTLSQG - 006,Le,line_art,2423,758,1,1,Ngô Bá Phóng,Hoa mẫu đơn,"Bảo tàng Lịch sử Quốc gia, ảnh: Trương Tuấn Anh",train
HVDV_-_NGN_-_SACH_-_002_crop_01.png,HVDV - NGN - SACH - 002_ver_01.pdf,HVDV - NGN - SACH - 002,Nguyen,line_art,362,305,1,1,Lưu Văn Hiếu,Họa tiết hoa lá,"Biểu tượng của người An Nam,  Bảo tàng Guimet",train
HVDV_-_LTH_-_BIA_-_011_crop_01.png,HVDV - LTH - BIA - 011_ver_01.pdf,HVDV - LTH - BIA - 011,Le,colored,6258,2008,1,1,Lưu Văn Hiếu,Rồng chầu nhật chuyển hóa mây,"Trán bia chùa Côn Sơn, Chí Linh, Hải Dương, ảnh: Đặng Bá Minh Công",train
HVDV_-_NGN_-_AO_-_037_crop_02.png,HVDV - NGN - AO - 037_ver_02.pdf,HVDV - NGN - AO - 037,Nguyen,colored,2152,2152,2,2,Võ Quỳnh Trâm,"Loan ổ, thêu trên sa","Áo ngũ thân sa kép công chúa, phục dựng bởi nghệ nhân Vũ Văn Giỏi,  ảnh Nguyễn Tấn",train
HVDV_-_NGN_-_DO_-_012_crop_01.png,HVDV - NGN - DO - 012_ver_02.pdf,HVDV - NGN - DO - 012,Nguyen,line_art,8220,2473,1,1,Võ Quỳnh Trâm,"Dây lá, dơi, bát bảo, bàn cờ trên khảm trai","Bảo tàng Lịch sử quốc gia, ảnh: Trương Tuấn Anh",train
HVDV_-_NGN_-_DO_-_006_crop_01.png,HVDV - NGN - DO - 006_ver_01.pdf,HVDV - NGN - DO - 006,Nguyen,line_art,8108,4724,1,1,Võ Quỳnh Trâm,Lưỡng long chầu nhật trên án gỗ sơn,"Bảo tàng Lịch sử quốc gia, ảnh: Trương Tuấn Anh",train
HVDV_-_NGN_-_AO_-_040_crop_01.png,HVDV - NGN - AO - 040_ver_03.pdf,HVDV - NGN - AO - 040,Nguyen,line_art,2121,2120,1,3,Võ Quỳnh Trâm,Mẫu đơn thêu trên đoạn,"áo tấc của vua Khải Định, bộ sưu tập áo dài TS Thái Kim Lan, người  Trần Khánh Vân",train
HVDV_-_NGN_-_PT_-_003_crop_01.png,HVDV - NGN - PT - 003_ver_02.pdf,HVDV - NGN - PT - 003,Nguyen,line_art,3425,5867,1,2,Lục Bình,"Đồ án trang trí bát giác, hoa thị trên đồ cụ và kiến trúc","Cố cung Huế, ảnh: Phạm Tiến Phát",train
HVDV_-_LYTRAN_-_008_crop_02.png,HVDV - LYTRAN - 008_ver_02.pdf,HVDV - LYTRAN - 008,Ly-Tran,colored,6298,3960,2,2,Lục Bình,Pattern áo giáp và hoa thời Lý,"Tượng kim cương chùa Phật Tích, Bảo tàng Lịch sử Quốc gia, ảnh: Trương Tuấn Anh",train
HVDV_-_NGN_-_AO_-_023_crop_02.png,HVDV - NGN - AO - 023_ver_03.pdf,HVDV - NGN - AO - 023,Nguyen,colored,2505,2448,2,2,Võ Quỳnh Trâm,"Kiếm thư, dệt trên đoạn",Triều phục Mãng bào của triều thần- Bảo tàng văn hóa Huế-  ảnh Nguyễn Tấn,train
HVDV_-_NGN_-_AO_-_101_crop_03.png,HVDV - NGN - AO - 101_ver_04.pdf,HVDV - NGN - AO - 101,Nguyen,colored,6910,9168,3,3,Võ Quỳnh Trâm,Phượng thêu trên đoạn,Phượng bào của Hoàng Hậu- Bảo tàng văn hóa Huế-  ảnh: Nguyễn Tấn,train
HVDV_-_NGN_-_DO_-_013_crop_01.png,HVDV - NGN - DO - 013_ver_01.pdf,HVDV - NGN - DO - 013,Nguyen,line_art,10544,5526,1,1,Võ Quỳnh Trâm,"Dây nho, chạm gỗ","Bảo tàng Lịch sử quốc gia, ảnh: Trương Tuấn Anh",train
HVDV_-_LS_-_028_crop_01.png,HVDV - LS - 028_ver_01.pdf,HVDV - LS - 028,Le,line_art,3259,1221,1,1,Nguyễn Tuấn Nam,Hoa cúc,"Gốm hoa lam Việt Nam (Bùi Minh Trí- Kerry Nguyễn Long, 2001)",train
HVDV_-_LYTRAN_-_051_crop_01.png,HVDV - LYTRAN - 051_ver_01.pdf,HVDV - LYTRAN - 051,Ly-Tran,line_art,4822,10379,1,1,Định Lê,Rồng thời Trần,"Cửa gỗ chùa Phổ Minh, ảnh: Nguyễn Ngọc Duy",train
HVDV_-_LTH_-_DA_-_023_crop_01.png,HVDV - LTH - DA - 023_ver_01.pdf,HVDV - LTH - DA - 023,Le,line_art,4787,1464,1,1,Ngô Bá Phóng,Phượng chầu nguyệt,"Bia chùa Đậu, ảnh: Lê Mai Thiện",train
HVDV_-_LYTRAN_-_013_crop_01.png,HVDV - LYTRAN - 013_ver_02.pdf,HVDV - LYTRAN - 013,Ly-Tran,line_art,1040,2119,1,1,Lục Bình,Hoa sen thời Lý- Trần,"Thạp gốm hoa nâu, hiện vật Bảo tàng Lịch sử Quốc Gia, ảnh: Đặng Bá Minh Công",train
HVDV_-_LTH_-_CHAM_KHAC_-_88_crop_01.png,HVDV - LTH - CHAM KHAC - 088_ver_02.pdf,HVDV - LTH - CHAM KHAC - 88,Le,colored,4445,2729,1,1,Ngô Bá Phóng,Loan phượng,"Chùa Linh Quang, sách Nghệ thuật chạm khắc cổ Việt Nam qua các bản dập (Trần Lâm Biền - Chu Quang Trứ)",train
HVDV_-_LYTRAN_-_065_crop_01.png,HVDV - LYTRAN - 065_ver_01.pdf,HVDV - LYTRAN - 065,Ly-Tran,line_art,1503,1503,1,1,Lục Bình,Hoa mẫu đơn thời Lý,"Đầu ngói ống, Bảo tàng Hà Nội. Ảnh:  Nguyễn Du Chi, Hoa Văn Việt Nam Từ Thời Tiền Sử Đến Nửa Đầu Thời Kỳ Phong Kiến, Nxb Mỹ thuật, 2003, tr.254",train
HVDV_-_NGN_-_AO_-_005_crop_02.png,HVDV - NGN - AO - 005_ver_03.pdf,HVDV - NGN - AO - 005,Nguyen,line_art,1416,1412,2,9,Võ Quỳnh Trâm,"Cá và dơi, họa tiết dệt trên đoạn","Bộ sưu tập áo dài của TS. Thái Kim Lan,  ảnh: Trần Khánh Vân",train
HVDV_-_LYTRAN_-_058_crop_01.png,HVDV - LYTRAN - 058_ver_01.pdf,HVDV - LYTRAN - 058,Ly-Tran,colored,3901,1295,1,1,Lục Bình,Rồng thời Lý,"Bệ tượng Phật A-di-đà, chùa Phật Tích, ảnh: Nguyễn Ngọc Duy",train
HVDV_-_NGN_-_DO_-_001_crop_02.png,HVDV - NGN - DO - 001_ver_03.pdf,HVDV - NGN - DO - 001,Nguyen,colored,2125,2358,2,3,Võ Quỳnh Trâm,Hổ thêu trên vải,"cờ Hổ Vỹ, website bảo tàng Quân đội Pháp",train
HVDV_-_NGN_-_SACH_-_009_crop_01.png,HVDV - NGN - SACH - 009_ver_01.pdf,HVDV - NGN - SACH - 009,Nguyen,line_art,460,387,1,1,Lưu Văn Hiếu,Dây lá hóa rồng chữ thọ,"Biểu tượng của người An Nam,  Bảo tàng Guimet, (Gustave Dumoutier, 1891)",train
HVDV_-_NGN_-_AO_-_005_crop_07.png,HVDV - NGN - AO - 005_ver_03.pdf,HVDV - NGN - AO - 005,Nguyen,colored,1415,1120,7,9,Võ Quỳnh Trâm,"Cá và dơi, họa tiết dệt trên đoạn","Bộ sưu tập áo dài của TS. Thái Kim Lan,  ảnh: Trần Khánh Vân",train
HVDV_-_NGN_-_AO_-_014_crop_03.png,HVDV - NGN - AO - 014_ver_03.pdf,HVDV - NGN - AO - 014,Nguyen,line_art,1659,1835,3,3,Võ Quỳnh Trâm,"Phúc triều thọ. ""Phúc"" là con dơi trong Hán Văn.","Áo dài bát bửu, bảo tàng văn hóa Huế,  ảnh: Nguyễn Tấn",train
HVDV_-_LYTRAN_-_059_crop_01.png,HVDV - LYTRAN - 059_ver_01.pdf,HVDV - LYTRAN - 059,Ly-Tran,colored,1812,2418,1,1,Lục Bình,Cúc dây,"Di tích Ly Cung. Ảnh:  Nguyễn Du Chi, Hoa Văn Việt Nam Từ Thời Tiền Sử Đến Nửa Đầu Thời Kỳ Phong Kiến, Nxb Mỹ thuật, 2003, tr.238",train
HVDV_-_LYTRAN_-_035_-_5_crop_01.png,HVDV - LYTRAN - 035 - 5_ver_02.pdf,HVDV - LYTRAN - 035 - 5,Ly-Tran,line_art,1638,2104,1,1,Lục Bình,Tượng uyên ương thời Lý,"Ngói úp nóc, di tích 18 Hoàng Diệu. Ảnh: Đặng Hồng Sơn, Gạch ngói và vật liệu trang trí trên mái thời Lý - Trần - Hồ, Nxb Thế giới, 2016, tr.512",train
HVDV_-_LTH_-_DA_-_044_crop_01.png,HVDV - LTH - DA - 044_ver_03.pdf,HVDV - LTH - DA - 044,Le,line_art,1045,5294,1,1,Ngô Bá Phóng,Rồng,"Bia Nam Giao, Bảo tàng Lịch sử quốc gia, ảnh: Lê Mai Thiện",train
HVDV_-_LTH_-_MC_-_035_crop_01.png,HVDV - LTH - MC - 035_ver_02.pdf,HVDV - LTH - MC - 035,Le,line_art,3097,602,1,1,Võ Quỳnh Trâm,Rồng,"Cấu kiện kiến trúc đinh Bồng Lai, Thái Bình, ảnh: Trần Trung Hiếu.",train
HVDV_-_LYTRAN_-_019_crop_01.png,HVDV - LYTRAN - 019_ver_02.pdf,HVDV - LYTRAN - 019,Ly-Tran,line_art,1401,1455,1,1,Lục Bình,Bát bảo sừng tê,"Bệ đá chùa Ngọc Khám, Bắc Ninh, ảnh: Đặng Bá Minh Công",train
HVDV_-_LYTRAN_-_038_-_1_-_2_crop_02.png,HVDV - LYTRAN - 038 - 1 - 2_ver_02.pdf,HVDV - LYTRAN - 038 - 1 - 2,Ly-Tran,colored,1656,1661,2,2,Lục Bình,Hoa dây thời Lý- Trần,"Gạch vuông trang trí hoa dây, di tích Đệ Tứ và chùa Báo Ân. Ảnh: Đặng Hồng Sơn, Gạch ngói và vật liệu trang trí trên mái thời Lý - Trần - Hồ, Nxb Thế giới, 2016, tr.440",train
HVDV_-_LTH_-_BTLSQG_-_003_crop_01.png,HVDV - LTH - BTLSQG - 003_ver_01.pdf,HVDV - LTH - BTLSQG - 003,Le,line_art,5359,3398,1,1,Võ Quỳnh Trâm,Hoa cúc,"Bảo tàng Lịch sử Quốc gia, ảnh: Trương Tuấn Anh",train
HVDV_-_NGN_-_GO_-_098_crop_01.png,HVDV - NGN - GO - 098_ver_01.pdf,HVDV - NGN - GO - 098,Nguyen,line_art,2713,2256,1,1,Ngô Bá Phóng,"Hoa cúc, chạm gỗ","đình làng Tóe, Thái Bình, ảnh: Lại Qúy Dương",train
HVDV_-_NGN_-_AO_-_097_crop_03.png,HVDV - NGN - AO - 097_ver_03.pdf,HVDV - NGN - AO - 097,Nguyen,colored,2199,848,3,3,Võ Quỳnh Trâm,Phật thủ và lựu dệt trên đoạn,"áo dài bát bửu, bảo tàng văn hóa Huế,  ảnh Nguyễn Tấn",train
HVDV_-_LYTRAN_-_012_crop_01.png,HVDV - LYTRAN - 012_ver_01.pdf,HVDV - LYTRAN - 012,Ly-Tran,colored,4368,844,1,1,Lục Bình,Pattern hoa dây thời Lý,"Thạp gốm hoa nâu, hiện vật Bảo tàng Lịch sử Quốc Gia, ảnh: Đặng Bá Minh Công",train
HVDV_-_NGN_-_AO_-_011_crop_02.png,HVDV - NGN - AO - 011_ver_04.pdf,HVDV - NGN - AO - 011,Nguyen,colored,7512,7111,2,3,Võ Quỳnh Trâm,Con mãng thêu trên đoạn,"Triều phục của Thái tử- Bảo tàng Cổ vật Cung đình Huế,  ảnh: Nguyễn Tấn",train
HVDV_-_NGN_-_BS_-_008_crop_01.png,HVDV - NGN - BS - 008_ver_01.pdf,HVDV - NGN - BS - 008,Nguyen,line_art,3465,11455,1,1,Lê Thị Hồng Định,Dây lá hóa rồng,Trang trí mép cửa trong Đại nội Huế. Ảnh: Phan Huy Thăng,train
HVDV_-_NGN_-_AO_-_001_crop_06.png,HVDV - NGN - AO - 001_ver_04.pdf,HVDV - NGN - AO - 001,Nguyen,colored,2715,2738,6,12,Võ Quỳnh Trâm,"Đào, bầu, mẫu đơn, bách hợp (huệ, ly)","Áo dài bát bửu, bảo tàng văn hóa Huế,  ảnh: Nguyễn Tấn",train
HVDV_-_LTH_-_DA_-_048a_crop_01.png,HVDV - LTH - DA - 048a_ver_02.pdf,HVDV - LTH - DA - 048a,Le,line_art,11898,777,1,1,Võ Quỳnh Trâm,Mặt trời,"Bia Thịnh Đức, ảnh: Lê Mai Thiện",train
HVDV_-_LYTRAN_-_055_crop_01.png,HVDV - LYTRAN - 055_ver_01.pdf,HVDV - LYTRAN - 055,Ly-Tran,colored,22751,15170,1,1,Lục Bình,Gạch hoa thời Lý- Trần,"Gạch vuông trang trí hoa dây, di tích Quần Ngựa. Ảnh: Ảnh: Đặng Hồng Sơn, Gạch ngói và vật liệu trang trí trên mái thời Lý - Trần - Hồ, Nxb Thế giới, 2016, tr.444",train
HVDV_-_LTH_-_DA_-_075_crop_01.png,HVDV - LTH - DA - 075_ver_03.pdf,HVDV - LTH - DA - 075,Le,line_art,2458,2202,1,1,Ngô Bá Phóng,Sư tử,"Bia đá tại lăng Vũ Hồng Lượng, ảnh: Nguyễn Trí Quang - VR3D.VN",train
HVDV_-_NGN_-_DO_-_007_crop_01.png,HVDV - NGN - DO - 007_ver_01.pdf,HVDV - NGN - DO - 007,Nguyen,line_art,3655,6305,1,1,Võ Quỳnh Trâm,Hoa cúc trên hoành phi gỗ sơn,"Bảo tàng Lịch sử quốc gia, ảnh: Trương Tuấn Anh",train
HVDV_-_NGN_-_DO_-_004_crop_01.png,HVDV - NGN - DO - 004_ver_01.pdf,HVDV - NGN - DO - 004,Nguyen,colored,1034,333,1,1,Lưu Văn Hiếu,"Hồi văn móc câu, chạm trên đồng","Bảo tàng Lịch sử quốc gia, ảnh: Trương Tuấn Anh",train
HVDV_-_LYTRAN_-_053_-_6_crop_01.png,HVDV - LYTRAN - 053 - 6_ver_01.pdf,HVDV - LYTRAN - 053 - 6,Ly-Tran,colored,2166,2508,1,1,Lục Bình,Phượng thời Lý,"Ngói úp nóc trang trí phượng, di tích 18 Hoàng Diệu. Ảnh: Đặng Hồng Sơn, Gạch ngói và vật liệu trang trí trên mái thời Lý - Trần - Hồ, Nxb Thế giới, 2016, tr.517",train
HVDV_-_NGN_-_KT_-_005_crop_01.png,HVDV - NGN - KT - 005_ver_02.pdf,HVDV - NGN - KT - 005,Nguyen,line_art,1377,1597,1,2,Võ Quỳnh Trâm,Chữ Thọ,"Cố cung Huế, ảnh: Phạm Tiến Phát",train
HVDV_-_LTH_-_CHAM_KHAC_-_86_crop_01.png,HVDV - LTH - CHAM KHAC - 086_ver_02.pdf,HVDV - LTH - CHAM KHAC - 86,Le,colored,2549,1656,1,1,Ngô Bá Phóng,Cá hóa rồng,"Chùa Linh Quang, sách Nghệ thuật chạm khắc cổ Việt Nam qua các bản dập (Trần Lâm Biền - Chu Quang Trứ)",train
HVDV_-_LYTRAN_-_064_crop_01.png,HVDV - LYTRAN - 064_ver_01.pdf,HVDV - LYTRAN - 064,Ly-Tran,colored,4847,2889,1,1,Lục Bình,Pattern Cửu sơn bát hải,"Chạm khắc bệ đá tượng Phật chùa Phật Tích, ảnh: Đặng Hồng Sơn",train
HVDV_-_NGN_-_AO_-_039_crop_01.png,HVDV - NGN - AO - 039_ver_01.pdf,HVDV - NGN - AO - 039,Nguyen,colored,1290,1722,1,1,Võ Quỳnh Trâm,Hạc thêu trên sa,"áo ngũ thân sa kép công chúa, phục dựng bởi NN Vũ Văn Gioi,  ảnh Nguyễn Tấn",train
HVDV_-_LTH_-_BTLSQG_-_049_crop_01.png,HVDV - LTH - BTLSQG - 049_ver_01.pdf,HVDV - LTH - BTLSQG - 049,Le,line_art,3178,1207,1,1,Nguyễn Tuấn Nam,Long hàm thọ trên tranh thờ,"Bảo tàng Lịch sử Quốc gia, ảnh: Trương Tuấn Anh",train
HVDV_-_LTH_-_BTLSQG_-_032b_crop_02.png,HVDV - LTH - BTLSQG - 032b_ver_01.pdf,HVDV - LTH - BTLSQG - 032b,Le,line_art,2475,1025,2,2,Nguyễn Tuấn Nam,Hồi văn mắt lưới/ mắt võng,"Bảo tàng Lịch sử Quốc gia, ảnh: Trương Tuấn Anh",train
HVDV_-_LS_-_035a_crop_01.png,HVDV - LS - 035a_ver_03.pdf,HVDV - LS - 035a,Le,line_art,2079,3154,1,1,Nguyễn Tuấn Nam,Xi vẫn,"Bảo tàng Lịch sử Quốc gia, ảnh: Nguyễn Ngọc Phương Đông",train
HVDV_-_LTH_-_LB_-_000_crop_01.png,HVDV - LTH - LB - 000_ver_01.pdf,HVDV - LTH - LB - 000,Le,line_art,2395,1337,1,1,Võ Quỳnh Trâm,"2 nghê vờn quả cầu, 2nghê chầu, 1 đầu rồng","Cấu kiện kiến trúc đình Chu Quyến, Hà Nội, ảnh: Báo điện tử ĐCSVN",train
HVDV_-_LTH_-_HNG_-_001a_crop_01.png,HVDV - LTH - HNG - 001a_ver_01.pdf,HVDV - LTH - HNG - 001a,Le,colored,12195,8602,1,1,Lục Bình,Hồi văn mắt lưới/ mắt võng,"Bệ tượng Phật chùa Tây Phương, Thạch Thất, Hà Nội, ảnh: Nguyễn Hùng",train
HVDV_-_LYTRAN_-_056_crop_01.png,HVDV - LYTRAN - 056_ver_01.pdf,HVDV - LYTRAN - 056,Ly-Tran,colored,12919,10755,1,1,Lục Bình,Gạch hoa thời Lý- Trần,"Gạch vuông trang trí hoa chanh, di tích thành Tây Đô. Ảnh: Đặng Hồng Sơn, Gạch ngói và vật liệu trang trí trên mái thời Lý - Trần - Hồ, Nxb Thế giới, 2016, tr.443",train
HVDV_-_LYTRAN_-_036_-_2_crop_01.png,HVDV - LYTRAN - 036 - 2_ver_01.pdf,HVDV - LYTRAN - 036 - 2,Ly-Tran,line_art,443,442,1,1,Lục Bình,Hoa sen thời Lý- Trần,"Đầu ngói ống, di tích 18 Hoàng Diệu. Ảnh: Đặng Hồng Sơn, Gạch ngói và vật liệu trang trí trên mái thời Lý - Trần - Hồ, Nxb Thế giới, 2016, tr.559",train
HVDV_-_NGN_-_KT_-_019_crop_02.png,HVDV - NGN - KT - 019_ver_03.pdf,HVDV - NGN - KT - 019,Nguyen,colored,6632,3082,2,3,Lê Thị Hồng Định,"Bảo bối quạt lông hạc, pháp lam","Cố cung Huế, ảnh: Phạm Tiến Phát",train
HVDV_-_NGN_-_AO_-_013_crop_01.png,HVDV - NGN - AO - 013_ver_03.pdf,HVDV - NGN - AO - 013,Nguyen,line_art,2301,1899,1,3,Võ Quỳnh Trâm,Mãng ổ,"Triều phục Mãng bào của triều thần- Bảo tàng văn hóa Huế,  ảnh: Nguyễn Tấn",train
HVDV_-_NGN_-_AO_-_008_crop_06.png,HVDV - NGN - AO - 008_ver_03.pdf,HVDV - NGN - AO - 008,Nguyen,colored,942,703,6,6,Võ Quỳnh Trâm,Chữ thọ trên sa và đoạn,"Áo dài bát bửu, bảo tàng văn hóa Huế,  ảnh: Nguyễn Tấn",train
HVDV_-_NGN_-_AO_-_098_crop_03.png,HVDV - NGN - AO - 098_ver_03.pdf,HVDV - NGN - AO - 098,Nguyen,line_art,940,769,3,9,Võ Quỳnh Trâm,"Cúc, mai, mẫu đơn dệt trên đoạn","áo dài bát bửu, bảo tàng văn hóa Huế,  ảnh Nguyễn Tấn",train
HVDV_-_NGN_-_AO_-_001_crop_02.png,HVDV - NGN - AO - 001_ver_04.pdf,HVDV - NGN - AO - 001,Nguyen,line_art,2715,2740,2,12,Võ Quỳnh Trâm,"Đào, bầu, mẫu đơn, bách hợp (huệ, ly)","Áo dài bát bửu, bảo tàng văn hóa Huế,  ảnh: Nguyễn Tấn",train
HVDV_-_NGN_-_AO_-_007_crop_01.png,HVDV - NGN - AO - 007_ver_04.pdf,HVDV - NGN - AO - 007,Nguyen,line_art,7519,4677,1,6,Võ Quỳnh Trâm,"Bát bảo quạt, thêu trên đoạn","Bộ sưu tập áo dài của TS. Thái Kim Lan,  ảnh: Trần Khánh Vân",train
HVDV_-_LTH_-_DA_-_008_crop_01.png,HVDV - LTH - DA - 008_ver_02.pdf,HVDV - LTH - DA - 008,Le,line_art,1818,1213,1,1,Ngô Bá Phóng,Song lân,"Lăng 18 vị quận công họ Nguyễn Đức, ảnh: Lê Mai Thiện",train
HVDV_-_NGN_-_KT_-_012_crop_01.png,HVDV - NGN - KT - 012_ver_01.pdf,HVDV - NGN - KT - 012,Nguyen,line_art,15177,2778,1,1,Võ Quỳnh Trâm,"dây lá hóa long chầu nhật, bia đá","Cố cung Huế, ảnh: Phạm Tiến Phát",train
HVDV_-_NGN_-_AO_-_098_crop_06.png,HVDV - NGN - AO - 098_ver_03.pdf,HVDV - NGN - AO - 098,Nguyen,colored,940,939,6,9,Võ Quỳnh Trâm,"Cúc, mai, mẫu đơn dệt trên đoạn","áo dài bát bửu, bảo tàng văn hóa Huế,  ảnh Nguyễn Tấn",train
HVDV_-_LS_-_017_crop_01.png,HVDV - LS - 017_ver_03.pdf,HVDV - LS - 017,Le,line_art,2380,2381,1,1,Nguyễn Tuấn Nam,Cá hóa rồng,"Gốm hoa lam Việt Nam (Bùi Minh Trí- Kerry Nguyễn Long, 2001)",train
HVDV_-_NGN_-_PT_-_002_crop_02.png,HVDV - NGN - PT - 002_ver_02.pdf,HVDV - NGN - PT - 002,Nguyen,colored,10491,19410,2,2,Lục Bình,"Đồ án trang trí hoa thị, vòng tròn trên đồ cụ và kiến trúc","Cố cung Huế, ảnh: Phạm Tiến Phát",train
HVDV_-_LTH_-_MC_-_029_crop_01.png,HVDV - LTH - MC - 029_ver_01.pdf,HVDV - LTH - MC - 029,Le,line_art,1053,2350,1,1,Võ Quỳnh Trâm,Rồng,"Cấu kiện kiến trúc đinh Bồng Lai, Thái Bình, ảnh: Trần Trung Hiếu.",train
HVDV_-_LTH_-_BTLSQG_-_032c_crop_01.png,HVDV - LTH - BTLSQG - 032c_ver_01.pdf,HVDV - LTH - BTLSQG - 032c,Le,colored,2475,1743,1,2,Nguyễn Tuấn Nam,Hồi văn sóng nước,"Bảo tàng Lịch sử Quốc gia, ảnh: Trương Tuấn Anh",train
HVDV_-_NGN_-_BS_-_009_crop_01.png,HVDV - NGN - BS - 009_ver_01.pdf,HVDV - NGN - BS - 009,Nguyen,line_art,13191,6351,1,1,Lê Thị Hồng Định,Bệ pháo,"Chạm khắc bệ pháo, Đại nội Huế. Ảnh: Phan Huy Thăng",train
HVDV_-_LTH_-_BIA_-_042_crop_01.png,HVDV - LTH - BIA - 042_ver_03.pdf,HVDV - LTH - BIA - 042,Le,line_art,3545,2903,1,1,Ngô Bá Phóng,Sư tử trên yên ngựa đá,"Bảo tàng Hải Dương, ảnh: Đặng Bá Minh Công",train
HVDV_-_LYTRAN_-_029_crop_01.png,HVDV - LYTRAN - 029_ver_01.pdf,HVDV - LYTRAN - 029,Ly-Tran,colored,2633,2241,1,1,Lục Bình,"Pattern "" Cửu sơn bát hải""",Đế bia chùa Long Đọi. Ảnh: Đặng Hồng Sơn,train
HVDV_-_LYTRAN_-_057_crop_01.png,HVDV - LYTRAN - 057_ver_02.pdf,HVDV - LYTRAN - 057,Ly-Tran,line_art,3925,2564,1,1,Lục Bình,Garuda thời Trần,"Chạm góc bệ đá, hiện vật Bảo tàng Thái Bình, ảnh: Nguyễn Ngọc Duy",train
HVDV_-_NGN_-_AO_-_001_crop_10.png,HVDV - NGN - AO - 001_ver_04.pdf,HVDV - NGN - AO - 001,Nguyen,colored,2715,2341,10,12,Võ Quỳnh Trâm,"Đào, bầu, mẫu đơn, bách hợp (huệ, ly)","Áo dài bát bửu, bảo tàng văn hóa Huế,  ảnh: Nguyễn Tấn",train
HVDV_-_NGN_-_AO_-_097_crop_02.png,HVDV - NGN - AO - 097_ver_03.pdf,HVDV - NGN - AO - 097,Nguyen,colored,2199,1211,2,3,Võ Quỳnh Trâm,Phật thủ và lựu dệt trên đoạn,"áo dài bát bửu, bảo tàng văn hóa Huế,  ảnh Nguyễn Tấn",train
HVDV_-_LYTRAN_-_067_crop_01.png,HVDV - LYTRAN - 067_ver_01.pdf,HVDV - LYTRAN - 067,Ly-Tran,colored,10522,4872,1,1,Lục Bình,Gạch hoa thời Trần,"Bảo tàng Lịch sử Quốc gia, ảnh: Trương Tuấn Anh",train
HVDV_-_LS_-_004_crop_01.png,HVDV - LS - 004_ver_03.pdf,HVDV - LS - 004,Le,line_art,2267,2062,1,1,Nguyễn Tuấn Nam,Chim phượng,"Gốm hoa lam Việt Nam (Bùi Minh Trí- Kerry Nguyễn Long, 2001)",train
HVDV_-_NGN_-_KT_-_020_crop_01.png,HVDV - NGN - KT - 020_ver_02.pdf,HVDV - NGN - KT - 020,Nguyen,line_art,6695,2333,1,3,Lê Thị Hồng Định,"Bảo bối cuốn thư, pháp lam","Cố cung Huế, ảnh: Phạm Tiến Phát",train
HVDV_-_LYTRAN_-_068_crop_01.png,HVDV - LYTRAN - 068_ver_01.pdf,HVDV - LYTRAN - 068,Ly-Tran,colored,1107,1076,1,1,Lục Bình,Thiên thần bé nhỏ thời Trần,"Chạm gỗ chùa Thái Lạc. Ảnh:  Nguyễn Du Chi, Hoa Văn Việt Nam Từ Thời Tiền Sử Đến Nửa Đầu Thời Kỳ Phong Kiến, Nxb Mỹ thuật, 2003, tr.175",train
HVDV_-_NGN_-_AO_-_013_crop_02.png,HVDV - NGN - AO - 013_ver_03.pdf,HVDV - NGN - AO - 013,Nguyen,colored,2300,1899,2,3,Võ Quỳnh Trâm,Mãng ổ,"Triều phục Mãng bào của triều thần- Bảo tàng văn hóa Huế,  ảnh: Nguyễn Tấn",train
HVDV_-_LS_-_022_crop_01.png,HVDV - LS - 022_ver_01.pdf,HVDV - LS - 022,Le,line_art,3347,1367,1,1,Nguyễn Tuấn Nam,Mẫu đơn,"Gốm hoa lam Việt Nam (Bùi Minh Trí- Kerry Nguyễn Long, 2001)",train
HVDV_-_NGN_-_KT_-_004_crop_01.png,HVDV - NGN - KT - 004_ver_01.pdf,HVDV - NGN - KT - 004,Nguyen,line_art,6139,2553,1,1,Võ Quỳnh Trâm,Mây thọ,"Cố cung Huế, ảnh: Phạm Tiến Phát",train
HVDV_-_NGN_-_AO_-_005_crop_01.png,HVDV - NGN - AO - 005_ver_03.pdf,HVDV - NGN - AO - 005,Nguyen,line_art,1415,1412,1,9,Võ Quỳnh Trâm,"Cá và dơi, họa tiết dệt trên đoạn","Bộ sưu tập áo dài của TS. Thái Kim Lan,  ảnh: Trần Khánh Vân",train
HVDV_-_LYTRAN_-_061_crop_01.png,HVDV - LYTRAN - 061_ver_01.pdf,HVDV - LYTRAN - 061,Ly-Tran,colored,3413,502,1,1,Lục Bình,Hoa sen thời Trần,"Trang trí tháp đất nung, bảo tàng Lịch sử Quốc gia, ảnh: Nguyễn Ngọc Duy",train
HVDV_-_NGN_-_KT_-_001_crop_01.png,HVDV - NGN - KT - 001_ver_01.pdf,HVDV - NGN - KT - 001,Nguyen,line_art,1348,1508,1,1,Võ Quỳnh Trâm,"Bình hoa, gỗ sơn","Cố cung Huế, ảnh: Phạm Tiến Phát",train
HVDV_-_LYTRAN_-_030_crop_01.png,HVDV - LYTRAN - 030_ver_01.pdf,HVDV - LYTRAN - 030,Ly-Tran,line_art,2025,1396,1,1,Định Lê,Phượng trong lá đề thời Trần,"Chạm gỗ chùa Bối Khê. Ảnh: Nguyễn Du Chi, Hoa Văn Việt Nam Từ Thời Tiền Sử Đến Nửa Đầu Thời Kỳ Phong Kiến, Nxb Mỹ thuật, 2003, tr.138",train
HVDV_-_NGN_-_AO_-_007_crop_03.png,HVDV - NGN - AO - 007_ver_04.pdf,HVDV - NGN - AO - 007,Nguyen,colored,7519,5928,3,6,Võ Quỳnh Trâm,"Bát bảo quạt, thêu trên đoạn","Bộ sưu tập áo dài của TS. Thái Kim Lan,  ảnh: Trần Khánh Vân",train
HVDV_-_LS_-_CHAM_KHAC_-_41_crop_01.png,HVDV - LS - CHAM KHAC - 41_ver_01.pdf,HVDV - LS - CHAM KHAC - 41,Le,colored,3149,2028,1,1,Võ Quỳnh Trâm,Bảo tướng hoa trên diềm bia,"Bia Văn Miếu, sách Nghệ thuật chạm khắc cổ Việt Nam qua các bản dập (Trần Lâm Biền - Chu Quang Trứ)",train
HVDV_-_LTH_-_DA_-_006_crop_01.png,HVDV - LTH - DA - 006_ver_01.pdf,HVDV - LTH - DA - 006,Le,colored,5785,3469,1,1,Lưu Văn Hiếu,Mây,"Lăng 18 vị quận công họ Nguyễn Đức, ảnh: Lê Mai Thiện",train
HVDV_-_LTH_-_025_crop_01.png,HVDV - LTH - 025_ver_01.pdf,HVDV - LTH - 025,Le,line_art,8591,4630,1,1,Lê Thị Hồng Định,Cá hóa rồng,"Chân cột bia, bảo tàng Lịch sử quốc gia, ảnh: Trương Tuấn Anh",train
HVDV_-_LTH_-_GO_-_094_crop_01.png,HVDV - LTH - GO - 094_ver_01.pdf,HVDV - LTH - GO - 094,Le,line_art,2495,1038,1,1,Ngô Bá Phóng,Hoa cúc và mây,"Bảo tàng tỉnh Thái Bình, ảnh: Lại Quý Dương",train
HVDV_-_NGN_-_DO_-_011_crop_01.png,HVDV - NGN - DO - 011_ver_01.pdf,HVDV - NGN - DO - 011,Nguyen,line_art,12418,3938,1,1,Lê Thị Hồng Định,"Triện tàu hoa lá, chạm gỗ","Bảo tàng Lịch sử quốc gia, ảnh: Trương Tuấn Anh",train
HVDV_-_NGN_-_AO_-_011_crop_01.png,HVDV - NGN - AO - 011_ver_04.pdf,HVDV - NGN - AO - 011,Nguyen,line_art,7513,7111,1,3,Võ Quỳnh Trâm,Con mãng thêu trên đoạn,"Triều phục của Thái tử- Bảo tàng Cổ vật Cung đình Huế,  ảnh: Nguyễn Tấn",train
HVDV_-_NGN_-_KT_-_019_crop_03.png,HVDV - NGN - KT - 019_ver_03.pdf,HVDV - NGN - KT - 019,Nguyen,colored,6632,2526,3,3,Lê Thị Hồng Định,"Bảo bối quạt lông hạc, pháp lam","Cố cung Huế, ảnh: Phạm Tiến Phát",train
HVDV_-_NGN_-_AO_-_008_crop_04.png,HVDV - NGN - AO - 008_ver_03.pdf,HVDV - NGN - AO - 008,Nguyen,colored,942,940,4,6,Võ Quỳnh Trâm,Chữ thọ trên sa và đoạn,"Áo dài bát bửu, bảo tàng văn hóa Huế,  ảnh: Nguyễn Tấn",train
HVDV_-_NGN_-_AO_-_007_crop_04.png,HVDV - NGN - AO - 007_ver_04.pdf,HVDV - NGN - AO - 007,Nguyen,colored,7520,5928,4,6,Võ Quỳnh Trâm,"Bát bảo quạt, thêu trên đoạn","Bộ sưu tập áo dài của TS. Thái Kim Lan,  ảnh: Trần Khánh Vân",train
HVDV_-_LTH_-_DA_-_002_crop_01.png,HVDV - LTH - DA - 002_ver_03.pdf,HVDV - LTH - DA - 002,Le,line_art,3280,1669,1,1,Nguyễn Tuấn Nam,Sư tử,"Bia Nam Giao, Bảo tàng Lịch sử quốc gia, ảnh: Lê Mai Thiện",train
HVDV_-_NGN_-_AO_-_019_crop_02.png,HVDV - NGN - AO - 019_ver_02.pdf,HVDV - NGN - AO - 019,Nguyen,colored,2167,2195,2,2,Võ Quỳnh Trâm,"Phượng ổ, thêu trên đoạn","Phượng bào công chúa, phục dựng bởi nghệ nhân Vũ Văn Giỏi,  ảnh Nguyễn Tấn",train
HVDV_-_NGN_-_AO_-_033_crop_02.png,HVDV - NGN - AO - 033_ver_03.pdf,HVDV - NGN - AO - 033,Nguyen,colored,1747,991,2,3,Võ Quỳnh Trâm,"Hoa dây và trái bầu, dệt trên đoạn","áo dài bát bửu, bảo tàng văn hóa Huế,  ảnh Nguyễn Tấn",train
HVDV_-_NGN_-_GO_-_097_crop_01.png,HVDV - NGN - GO - 097_ver_01.pdf,HVDV - NGN - GO - 097,Nguyen,line_art,2460,2062,1,1,Ngô Bá Phóng,"Mẫu đơn, chạm gỗ","đình làng Tóe, Thái Bình, ảnh: Lại Qúy Dương",train
HVDV_-_LTH_-_PT_-_003_crop_02.png,HVDV - LTH - PT - 003_ver_02.pdf,HVDV - LTH - PT - 003,Le,colored,2356,1426,2,2,Lục Bình,Hoa văn hình tròn và hoa,"Trang trí gạch đá khai quật tại khu di tích Hoàng Thành Thăng Long, ảnh: Lục Bình",train
HVDV_-_LYTRAN_-_054_crop_01.png,HVDV - LYTRAN - 054_ver_03.pdf,HVDV - LYTRAN - 054,Ly-Tran,line_art,2616,388,1,1,Lục Bình,Hoa mai thời Trần,"Bệ thờ chùa Thầy, ảnh: Nguyễn Hùng",train
HVDV_-_LYTRAN_-_036_-_4_crop_01.png,HVDV - LYTRAN - 036 - 4_ver_01.pdf,HVDV - LYTRAN - 036 - 4,Ly-Tran,colored,851,851,1,1,Lục Bình,Hoa sen thời Lý- Trần,"Đầu ngói ống, di tích Hoàng thành Thăng Long. Ảnh: Đặng Hồng Sơn, Gạch ngói và vật liệu trang trí trên mái thời Lý - Trần - Hồ, Nxb Thế giới, 2016, tr.559",train
HVDV_-_NGN_-_AO_-_023_crop_01.png,HVDV - NGN - AO - 023_ver_03.pdf,HVDV - NGN - AO - 023,Nguyen,colored,5386,2448,1,2,Võ Quỳnh Trâm,"Kiếm thư, dệt trên đoạn",Triều phục Mãng bào của triều thần- Bảo tàng văn hóa Huế-  ảnh Nguyễn Tấn,train
HVDV_-_NGN_-_DO_-_008_crop_01.png,HVDV - NGN - DO - 008_ver_01.pdf,HVDV - NGN - DO - 008,Nguyen,line_art,4662,6317,1,1,Võ Quỳnh Trâm,Dây cúc khảm trai trên bình phong,"Bảo tàng Lịch sử quốc gia, ảnh: Trương Tuấn Anh",train
HVDV_-_LTH_-_DA_-_056_crop_01.png,HVDV - LTH - DA - 056_ver_02.pdf,HVDV - LTH - DA - 056,Le,line_art,11418,2421,1,1,Võ Quỳnh Trâm,"Cúc, mẫu đơn, sen","Bia chùa Đậu, ảnh: Lê Mai Thiện",train
HVDV_-_LTH_-_DA_-_078_crop_01.png,HVDV - LTH - DA - 078_ver_02.pdf,HVDV - LTH - DA - 078,Le,colored,3124,1992,1,1,Ngô Bá Phóng,Hồi văn kim quy / mai rùa,"Đền Phú Đa, ảnh: Đào Đức Minh",train
HVDV_-_LS2_-_001_crop_01.png,HVDV - LS2 - 001_ver_04.pdf,HVDV - LS2 - 001,Le,line_art,4182,3414,1,2,Nguyễn Tuấn Nam,Rồng trên trán bia,"Lăng Lê Hiển Tông, sách Nghệ thuật chạm khắc cổ Việt Nam qua các bản dập (Trần Lâm Biền - Chu Quang Trứ)",train
HVDV_-_LTH_-_DA_-_033_crop_01.png,HVDV - LTH - DA - 033_ver_02.pdf,HVDV - LTH - DA - 033,Le,colored,2326,1432,1,1,Ngô Bá Phóng,Chữ Thọ,"Bia chùa Đậu, ảnh: Lê Mai Thiện",train
HVDV_-_NGN_-_AO_-_005_crop_06.png,HVDV - NGN - AO - 005_ver_03.pdf,HVDV - NGN - AO - 005,Nguyen,colored,1413,1413,6,9,Võ Quỳnh Trâm,"Cá và dơi, họa tiết dệt trên đoạn","Bộ sưu tập áo dài của TS. Thái Kim Lan,  ảnh: Trần Khánh Vân",train
HVDV_-_LTH_-_CHAM_KHAC_-_87_crop_01.png,HVDV - LTH - CHAM KHAC - 087_ver_02.pdf,HVDV - LTH - CHAM KHAC - 87,Le,colored,3201,1933,1,1,Ngô Bá Phóng,Hạc ngậm sen,"Chùa Linh Quang, sách Nghệ thuật chạm khắc cổ Việt Nam qua các bản dập (Trần Lâm Biền - Chu Quang Trứ)",train
HVDV_-_LTH_-_PT_-_003_crop_01.png,HVDV - LTH - PT - 003_ver_02.pdf,HVDV - LTH - PT - 003,Le,colored,2356,1423,1,2,Lục Bình,Hoa văn hình tròn và hoa,"Trang trí gạch đá khai quật tại khu di tích Hoàng Thành Thăng Long, ảnh: Lục Bình",train
HVDV_-_LTH_-_BTLSQG_-_045_crop_01.png,HVDV - LTH - BTLSQG - 045_ver_01.pdf,HVDV - LTH - BTLSQG - 045,Le,colored,3351,1213,1,1,Lê Thị Hồng Định,Nhân ngư - cá voi trên tranh thờ,"Bảo tàng Lịch sử Quốc gia, ảnh: Trương Tuấn Anh",train
HVDV_-_NGN_-_AO_-_005_crop_08.png,HVDV - NGN - AO - 005_ver_03.pdf,HVDV - NGN - AO - 005,Nguyen,colored,1416,1120,8,9,Võ Quỳnh Trâm,"Cá và dơi, họa tiết dệt trên đoạn","Bộ sưu tập áo dài của TS. Thái Kim Lan,  ảnh: Trần Khánh Vân",train
HVDV_-_LS_-_CHAM_KHAC_-_40_crop_01.png,HVDV - LS - CHAM KHAC - 40_ver_03.pdf,HVDV - LS - CHAM KHAC - 40,Le,line_art,4352,3282,1,1,Nguyễn Tuấn Nam,Rồng trên trán bia,"Lăng Lê Hiến Tông, sách Nghệ thuật chạm khắc cổ Việt Nam qua các bản dập (Trần Lâm Biền - Chu Quang Trứ)",train
HVDV_-_LS_-_025_crop_01.png,HVDV - LS - 025_ver_03.pdf,HVDV - LS - 025,Le,line_art,1777,1777,1,1,Võ Quỳnh Trâm,Mẫu đơn,"Gốm hoa lam Việt Nam (Bùi Minh Trí- Kerry Nguyễn Long, 2001)",train
HVDV_-_LTH_-_HNG_-_001b_crop_01.png,HVDV - LTH - HNG - 001b_ver_01.pdf,HVDV - LTH - HNG - 001b,Le,line_art,1606,551,1,1,Lục Bình,Hoa dây,"Bệ tượng Phật chùa Tây Phương, Thạch Thất, Hà Nội, ảnh: Nguyễn Hùng",train
HVDV_-_NGN_-_AO_-_020_crop_01.png,HVDV - NGN - AO - 020_ver_01.pdf,HVDV - NGN - AO - 020,Nguyen,line_art,1658,2013,1,1,Võ Quỳnh Trâm,"Song thọ điểm mai, dệt trên đoạn","áo dài bát bửu, bảo tàng văn hóa Huế,  ảnh Nguyễn Tấn",train
HVDV_-_NGN_-_AO_-_001_crop_12.png,HVDV - NGN - AO - 001_ver_04.pdf,HVDV - NGN - AO - 001,Nguyen,colored,2723,2341,12,12,Võ Quỳnh Trâm,"Đào, bầu, mẫu đơn, bách hợp (huệ, ly)","Áo dài bát bửu, bảo tàng văn hóa Huế,  ảnh: Nguyễn Tấn",train
HVDV_-_NGN_-_AO_-_001_crop_11.png,HVDV - NGN - AO - 001_ver_04.pdf,HVDV - NGN - AO - 001,Nguyen,colored,2696,2341,11,12,Võ Quỳnh Trâm,"Đào, bầu, mẫu đơn, bách hợp (huệ, ly)","Áo dài bát bửu, bảo tàng văn hóa Huế,  ảnh: Nguyễn Tấn",train
HVDV_-_NGN_-_023c_crop_01.png,HVDV - NGN - 023c_ver_02.pdf,HVDV - NGN - 023c,Nguyen,line_art,2609,1815,1,1,Ngô Bá Phóng,Rùa,"Trang trí sơn son trên hộp thời Nguyễn, Đại nội Huế, ảnh: Phan Huy Lê",train
HVDV_-_NGN_-_AO_-_007_crop_05.png,HVDV - NGN - AO - 007_ver_04.pdf,HVDV - NGN - AO - 007,Nguyen,colored,7519,4674,5,6,Võ Quỳnh Trâm,"Bát bảo quạt, thêu trên đoạn","Bộ sưu tập áo dài của TS. Thái Kim Lan,  ảnh: Trần Khánh Vân",train
HVDV_-_NGN_-_KT_-_017_crop_01.png,HVDV - NGN - KT - 017_ver_02.pdf,HVDV - NGN - KT - 017,Nguyen,line_art,3142,1540,1,1,Lục Bình,"Mặt trời, pháp lam","Cố cung Huế, ảnh: Phạm Tiến Phát",train
HVDV_-_NGN_-_AO_-_098_crop_09.png,HVDV - NGN - AO - 098_ver_03.pdf,HVDV - NGN - AO - 098,Nguyen,colored,940,767,9,9,Võ Quỳnh Trâm,"Cúc, mai, mẫu đơn dệt trên đoạn","áo dài bát bửu, bảo tàng văn hóa Huế,  ảnh Nguyễn Tấn",train
HVDV_-_LYTRAN_-_081_crop_03.png,HVDV - LYTRAN - 081_ver_02.pdf,HVDV - LYTRAN - 081,Ly-Tran,line_art,1681,1305,3,3,Lục Bình,"Cúc, sen, bảo tướng hoa thời Lý","Tháp Chương Sơn, Nam Định, ảnh: Nguyễn Ngọc Duy",train
HVDV_-_LTH_-_GO_-_068a_crop_02.png,HVDV - LTH - GO - 068a_ver_02.pdf,HVDV - LTH - GO - 068a,Le,line_art,5909,1879,2,2,Lưu Văn Hiếu,Hồi văn mắt lưới/ mắt võng,"Bệ tượng Phật chùa Tây Phương, Thạch Thất, Hà Nội, ảnh: Đào Đức Minh",train
HVDV_-_LYTRAN_-_010_crop_01.png,HVDV - LYTRAN - 010_ver_01.pdf,HVDV - LYTRAN - 010,Ly-Tran,line_art,1113,1093,1,1,Lục Bình,Gạch hoa thời Lý- Trần,"Di tích 18 Hoàng Diệu. Ảnh: Đặng Hồng Sơn, Gạch ngói và vật liệu trang trí trên mái thời Lý - Trần - Hồ, Nxb Thế giới, 2016, tr.437",train
HVDV_-_NGN_-_AO_-_033_crop_01.png,HVDV - NGN - AO - 033_ver_03.pdf,HVDV - NGN - AO - 033,Nguyen,line_art,1747,937,1,3,Võ Quỳnh Trâm,"Hoa dây và trái bầu, dệt trên đoạn","áo dài bát bửu, bảo tàng văn hóa Huế,  ảnh Nguyễn Tấn",train
HVDV_-_LYTRAN_-_090_crop_01.png,HVDV - LYTRAN - 090_ver_01.pdf,HVDV - LYTRAN - 090,Ly-Tran,line_art,2322,1228,1,1,Trâm,Rồng trong lá đề thời Trần,"Chạm khắc chùa Bối Khê, ảnh: Nguyễn Ngọc Duy",train
HVDV_-_NGN_-_KT_-_007_crop_03.png,HVDV - NGN - KT - 007_ver_02.pdf,HVDV - NGN - KT - 007,Nguyen,colored,4245,1342,3,3,Lê Thị Hồng Định,"Bát bảo quạt, pháp lam","Cố cung Huế, ảnh: Phạm Tiến Phát",train
HVDV_-_LTH_-_SACH_-_002_crop_01.png,HVDV - LTH - SACH - 002_ver_01.pdf,HVDV - LTH - SACH - 002,Le,colored,7085,10865,1,1,Lê Thị Hồng Định,Sư tử,"Tranh dân gian, Đồ họa Cổ Việt Nam (Phan Cẩm Thượng, Cung Khắc Lược, Lê Quốc Việt)",train
HVDV_-_LTH_-_PT_-_002_crop_04.png,HVDV - LTH - PT - 002_ver_02.pdf,HVDV - LTH - PT - 002,Le,colored,2163,1500,4,4,Lục Bình,Hoa văn áo giáp,"Tượng hộ pháp chùa Sùng Ân, ảnh: Nguyễn Trí Quang - VR3D.VN",train
HVDV_-_LTH_-_BTLSQG_-_023_crop_01.png,HVDV - LTH - BTLSQG - 023_ver_01.pdf,HVDV - LTH - BTLSQG - 023,Le,colored,2915,325,1,1,Lục Bình,Sóng nước,"Bảo tàng Lịch sử Quốc gia, ảnh: Trương Tuấn Anh",train
HVDV_-_LTH_-_BIA_-_051_crop_01.png,HVDV - LTH - BIA - 051_ver_01.pdf,HVDV - LTH - BIA - 051,Le,line_art,4664,2886,1,1,Võ Quỳnh Trâm,Hồi văn hoa thị/ kim tiền- trên bệ đá,"Lăng mộ Đại vương Đinh Văn Tả, ảnh: Đặng Bá Minh Công",train
HVDV_-_NGN_-_AO_-_007_crop_02.png,HVDV - NGN - AO - 007_ver_04.pdf,HVDV - NGN - AO - 007,Nguyen,line_art,7520,4677,2,6,Võ Quỳnh Trâm,"Bát bảo quạt, thêu trên đoạn","Bộ sưu tập áo dài của TS. Thái Kim Lan,  ảnh: Trần Khánh Vân",train
HVDV_-_LTH_-_PT_-_001_crop_01.png,HVDV - LTH - PT - 001_ver_01.pdf,HVDV - LTH - PT - 001,Le,colored,940,939,1,2,Lục Bình,"Hoa văn chữ ""vạn""","Diềm bia nhà thờ chúa Trịnh Giang, chụp ảnh: Đào Đức Minh",train
HVDV_-_NGN_-_KT_-_015_crop_03.png,HVDV - NGN - KT - 015_ver_04.pdf,HVDV - NGN - KT - 015,Nguyen,colored,7559,6228,3,3,Võ Quỳnh Trâm,Long mã phù thư,"Cố cung Huế, ảnh: Phạm Tiến Phát",train
HVDV_-_NGN_-_LB_-_013_crop_01.png,HVDV - NGN - LB - 013_ver_01.pdf,HVDV - NGN - LB - 013,Nguyen,line_art,3695,2793,1,1,Ngô Bá Phóng,"Tĩnh vật lựu, đào, phật thủ, lư hương, chuông","Đàn đá thờ tổ họ Đoàn, Hữu Thanh Oai, Hà Nội, ảnh: Đào Đức Minh",train
HVDV_-_NGN_-_AO_-_001_crop_04.png,HVDV - NGN - AO - 001_ver_04.pdf,HVDV - NGN - AO - 001,Nguyen,line_art,2723,2740,4,12,Võ Quỳnh Trâm,"Đào, bầu, mẫu đơn, bách hợp (huệ, ly)","Áo dài bát bửu, bảo tàng văn hóa Huế,  ảnh: Nguyễn Tấn",train
HVDV_-_NGN_-_AO_-_014_crop_01.png,HVDV - NGN - AO - 014_ver_03.pdf,HVDV - NGN - AO - 014,Nguyen,line_art,2012,1835,1,3,Võ Quỳnh Trâm,"Phúc triều thọ. ""Phúc"" là con dơi trong Hán Văn.","Áo dài bát bửu, bảo tàng văn hóa Huế,  ảnh: Nguyễn Tấn",train
HVDV_-_LYTRAN_-_066_crop_01.png,HVDV - LYTRAN - 066_ver_01.pdf,HVDV - LYTRAN - 066,Ly-Tran,line_art,1669,1669,1,1,Lục Bình,Hoa mẫu đơn thời Lý- Trần,"Diềm bia chùa Bảo Ninh Sùng Phúc. Ảnh:  Nguyễn Du Chi, Hoa Văn Việt Nam Từ Thời Tiền Sử Đến Nửa Đầu Thời Kỳ Phong Kiến, Nxb Mỹ thuật, 2003, tr.254",train
HVDV_-_NGN_-_AO_-_040_crop_02.png,HVDV - NGN - AO - 040_ver_03.pdf,HVDV - NGN - AO - 040,Nguyen,colored,2121,2120,2,3,Võ Quỳnh Trâm,Mẫu đơn thêu trên đoạn,"áo tấc của vua Khải Định, bộ sưu tập áo dài TS Thái Kim Lan, người  Trần Khánh Vân",train
HVDV_-_LYTRAN_-_027_crop_01.png,HVDV - LYTRAN - 027_ver_02.pdf,HVDV - LYTRAN - 027,Ly-Tran,colored,1975,1366,1,1,Lục Bình,Vũ nữ thời Trần,"Trụ đấu chùa Dâu, Nguyễn Du Chi, Hoa Văn Việt Nam Từ Thời Tiền Sử Đến Nửa Đầu Thời Kỳ Phong Kiến, Nxb Mỹ thuật, 2003, tr.164",train
HVDV_-_LTH_-_BTLSQG_-_002_crop_01.png,HVDV - LTH - BTLSQG - 002_ver_01.pdf,HVDV - LTH - BTLSQG - 002,Le,line_art,3534,1079,1,1,Nguyễn Tuấn Nam,Hoa cúc trên đồ gốm,"Bảo tàng Lịch sử Quốc gia, ảnh: Trương Tuấn Anh",train
HVDV_-_LTH_-_CHAM_KHAC_-_67_crop_01.png,HVDV - LTH - CHAM KHAC - 67_ver_02.pdf,HVDV - LTH - CHAM KHAC - 67,Le,line_art,2360,1393,1,1,Võ Quỳnh Trâm,Hoa sen trên hương án,"Chùa Bút Tháp, sách Nghệ thuật chạm khắc cổ Việt Nam qua các bản dập (Trần Lâm Biền - Chu Quang Trứ)",train
HVDV_-_NGN_-_PT_-_001_crop_02.png,HVDV - NGN - PT - 001_ver_03.pdf,HVDV - NGN - PT - 001,Nguyen,colored,2205,1191,2,2,Lục Bình,"Đồ án trang trí chữ vạn, chữ nhân, hình thoi trên đồ cụ và kiến trúc","Cố cung Huế, ảnh: Phạm Tiến Phát",train
HVDV_-_LYTRAN_-_038_-_1_-_2_crop_01.png,HVDV - LYTRAN - 038 - 1 - 2_ver_02.pdf,HVDV - LYTRAN - 038 - 1 - 2,Ly-Tran,colored,1661,1661,1,2,Lục Bình,Hoa dây thời Lý- Trần,"Gạch vuông trang trí hoa dây, di tích Đệ Tứ và chùa Báo Ân. Ảnh: Đặng Hồng Sơn, Gạch ngói và vật liệu trang trí trên mái thời Lý - Trần - Hồ, Nxb Thế giới, 2016, tr.440",train
HVDV_-_LTH_-_BIA_-_044_crop_01.png,HVDV - LTH - BIA - 044_ver_02.pdf,HVDV - LTH - BIA - 044,Le,line_art,970,8415,1,1,Lê Thị Hồng Định,Dây leo diềm bia,"Diềm bia Hậu chùa Đông Dương, hiện vật bảo tàng Hải Dương, ảnh: Đào Đức Minh",train
HVDV_-_NGN_-_AO_-_005_crop_03.png,HVDV - NGN - AO - 005_ver_03.pdf,HVDV - NGN - AO - 005,Nguyen,line_art,1413,1412,3,9,Võ Quỳnh Trâm,"Cá và dơi, họa tiết dệt trên đoạn","Bộ sưu tập áo dài của TS. Thái Kim Lan,  ảnh: Trần Khánh Vân",train
HVDV_-_LS_-_CHAM_KHAC_-_42_crop_01.png,HVDV - LS - CHAM KHAC - 42_ver_01.pdf,HVDV - LS - CHAM KHAC - 42,Le,line_art,3379,951,1,1,Nguyễn Tuấn Nam,Mặt trời trên bia,"Bia Văn Miếu, sách Nghệ thuật chạm khắc cổ Việt Nam qua các bản dập (Trần Lâm Biền - Chu Quang Trứ)",train
HVDV_-_NGN_-_AO_-_098_crop_04.png,HVDV - NGN - AO - 098_ver_03.pdf,HVDV - NGN - AO - 098,Nguyen,colored,939,939,4,9,Võ Quỳnh Trâm,"Cúc, mai, mẫu đơn dệt trên đoạn","áo dài bát bửu, bảo tàng văn hóa Huế,  ảnh Nguyễn Tấn",train
HVDV_-_NGN_-_AO_-_038_crop_01.png,HVDV - NGN - AO - 038_ver_02.pdf,HVDV - NGN - AO - 038,Nguyen,line_art,1328,1734,1,2,Võ Quỳnh Trâm,"Tam sơn thủy ba, dệt trên đoạn","áo ngũ thân hoàng tử, phục dựng bởi nghệ nhân Vũ Văn Giỏi,  ảnh Nguyễn Tấn",train
HVDV_-_LTH_-_001_crop_01.png,HVDV - LTH - 001_ver_02.pdf,HVDV - LTH - 001,Le,line_art,6002,2530,1,1,Lục Bình,Rồng,"Thềm điện Kính Thiên, Hà Nội, ảnh: Nguyễn Trí Quang - VR3D.VN",train
HVDV_-_LS2_-_001_crop_02.png,HVDV - LS2 - 001_ver_04.pdf,HVDV - LS2 - 001,Le,line_art,3625,3414,2,2,Nguyễn Tuấn Nam,Rồng trên trán bia,"Lăng Lê Hiển Tông, sách Nghệ thuật chạm khắc cổ Việt Nam qua các bản dập (Trần Lâm Biền - Chu Quang Trứ)",train
HVDV_-_LTH_-_DA_-_004_crop_01.png,HVDV - LTH - DA - 004_ver_02.pdf,HVDV - LTH - DA - 004,Le,line_art,3599,2638,1,1,Ngô Bá Phóng,Hổ phù cách điệu lá,"Đền Phú Đa, ảnh: Đào Đức Minh",train
HVDV_-_LTH_-_GO_-_084_crop_01.png,HVDV - LTH - GO - 084_ver_03.pdf,HVDV - LTH - GO - 084,Le,line_art,9583,15983,1,1,Lê Thị Hồng Định,Hổ chạm gỗ,"Bảo tàng Lịch sử Quốc gia, ảnh: Nguyễn Ngọc Phương Đông",train
HVDV_-_NGN_-_AO_-_099_crop_03.png,HVDV - NGN - AO - 099_ver_02.pdf,HVDV - NGN - AO - 099,Nguyen,colored,296,302,3,3,Lưu Văn Hiếu,"Nho, dệt trên đoạn","Bộ sưu tập áo dài TS Thái Kim Lan, ảnh: Trần Khánh Vân",train
HVDV_-_NGN_-_AO_-_008_crop_01.png,HVDV - NGN - AO - 008_ver_03.pdf,HVDV - NGN - AO - 008,Nguyen,line_art,941,941,1,6,Võ Quỳnh Trâm,Chữ thọ trên sa và đoạn,"Áo dài bát bửu, bảo tàng văn hóa Huế,  ảnh: Nguyễn Tấn",train
HVDV_-_LTH_-_DA_-_010_crop_01.png,HVDV - LTH - DA - 010_ver_02.pdf,HVDV - LTH - DA - 010,Le,line_art,1809,2721,1,1,Ngô Bá Phóng,Toan nghê,"Lăng Phạm Đôn Nghị, ảnh: Lê Mai Thiện",train
HVDV_-_NGN_-_KT_-_005_crop_02.png,HVDV - NGN - KT - 005_ver_02.pdf,HVDV - NGN - KT - 005,Nguyen,colored,1377,1597,2,2,Võ Quỳnh Trâm,Chữ Thọ,"Cố cung Huế, ảnh: Phạm Tiến Phát",train
HVDV_-_LYTRAN_-_018_crop_01.png,HVDV - LYTRAN - 018_ver_02.pdf,HVDV - LYTRAN - 018,Ly-Tran,line_art,3780,1284,1,1,Lục Bình,Hoa dây,"Bệ đá chùa Ngọc Khám, Bắc Ninh, ảnh: Đặng Bá Minh Công",train
HVDV_-_LTH_-_GO_-_068a_crop_01.png,HVDV - LTH - GO - 068a_ver_02.pdf,HVDV - LTH - GO - 068a,Le,line_art,5909,2122,1,2,Lưu Văn Hiếu,Hồi văn mắt lưới/ mắt võng,"Bệ tượng Phật chùa Tây Phương, Thạch Thất, Hà Nội, ảnh: Đào Đức Minh",train
HVDV_-_LYTRAN_-_093_crop_01.png,HVDV - LYTRAN - 093_ver_01.pdf,HVDV - LYTRAN - 093,Ly-Tran,colored,828,863,1,1,Lục Bình,Lá đề thời Trần,"Chạm khắc gỗ chùa Bối Khê, ảnh: Nguyễn Ngọc Duy",train
HVDV_-_LTH_-_HNG_-_001c_crop_01.png,HVDV - LTH - HNG - 001c_ver_01.pdf,HVDV - LTH - HNG - 001c,Le,colored,12031,7594,1,1,Lục Bình,Hoa văn trang trí,"Bệ tượng Phật chùa Tây Phương, Thạch Thất, Hà Nội, ảnh: Nguyễn Hùng",train
HVDV_-_NGN_-_KT_-_018_crop_02.png,HVDV - NGN - KT - 018_ver_03.pdf,HVDV - NGN - KT - 018,Nguyen,colored,14311,4729,2,3,Lê Thị Hồng Định,"Bảo bối đàn, pháp lam","Cố cung Huế, ảnh: Phạm Tiến Phát",train
HVDV_-_NGN_-_KT_-_018_crop_01.png,HVDV - NGN - KT - 018_ver_03.pdf,HVDV - NGN - KT - 018,Nguyen,line_art,14311,4730,1,3,Lê Thị Hồng Định,"Bảo bối đàn, pháp lam","Cố cung Huế, ảnh: Phạm Tiến Phát",train
HVDV_-_LTH_-_DA_-_081_crop_01.png,HVDV - LTH - DA - 081_ver_01.pdf,HVDV - LTH - DA - 081,Le,colored,4526,1345,1,1,Ngô Bá Phóng,Hổ phù,"Đền Phú Đa, ảnh: Đào Đức Minh",train
HVDV_-_LTH_-_DUY_-_001_crop_01.png,HVDV - LTH - DUY - 001_ver_02.pdf,HVDV - LTH - DUY - 001,Le,line_art,645,1440,1,1,Lục Bình,Nghê,"Đình Hàng Kênh, ảnh: Nguyễn Ngọc Duy",train
HVDV_-_NGN_-_DO_-_005_crop_01.png,HVDV - NGN - DO - 005_ver_01.pdf,HVDV - NGN - DO - 005,Nguyen,line_art,9366,1990,1,1,Võ Quỳnh Trâm,Mặt hổ phù/ Long hàm thọ trên gỗ sơn,"Bảo tàng Lịch sử quốc gia, ảnh: Trương Tuấn Anh",train
HVDV_-_LS_-_027_crop_01.png,HVDV - LS - 027_ver_01.pdf,HVDV - LS - 027,Le,colored,1825,1769,1,1,Võ Quỳnh Trâm,Voi,"Gốm hoa lam Việt Nam (Bùi Minh Trí- Kerry Nguyễn Long, 2001)",train
HVDV_-_LYTRAN_-_022_crop_01.png,HVDV - LYTRAN - 022_ver_01.pdf,HVDV - LYTRAN - 022,Ly-Tran,colored,2966,2966,1,1,Lục Bình,Hoa cúc dây thời Lý,"Đĩa men ngọc trang trí cúc dây. Ảnh: Hội KHLSVN-Tạp chí Xưa&Nay, Hoàng thành Thăng Long-Phát hiện Khảo cổ học, 2004, tr.99",train
HVDV_-_LTH_-_BTLSQG_-_032b_crop_01.png,HVDV - LTH - BTLSQG - 032b_ver_01.pdf,HVDV - LTH - BTLSQG - 032b,Le,colored,2475,2211,1,2,Nguyễn Tuấn Nam,Hồi văn mắt lưới/ mắt võng,"Bảo tàng Lịch sử Quốc gia, ảnh: Trương Tuấn Anh",train
HVDV_-_NGN_-_AO_-_005_crop_05.png,HVDV - NGN - AO - 005_ver_03.pdf,HVDV - NGN - AO - 005,Nguyen,colored,1416,1413,5,9,Võ Quỳnh Trâm,"Cá và dơi, họa tiết dệt trên đoạn","Bộ sưu tập áo dài của TS. Thái Kim Lan,  ảnh: Trần Khánh Vân",train
HVDV_-_LTH_-_DUY_-_002_crop_01.png,HVDV - LTH - DUY - 002_ver_02.pdf,HVDV - LTH - DUY - 002,Le,line_art,2814,1541,1,1,Lục Bình,Rồng,"Đình Hàng Kênh, ảnh: Nguyễn Ngọc Duy",train
HVDV_-_NGN_-_AO_-_001_crop_08.png,HVDV - NGN - AO - 001_ver_04.pdf,HVDV - NGN - AO - 001,Nguyen,colored,2723,2738,8,12,Võ Quỳnh Trâm,"Đào, bầu, mẫu đơn, bách hợp (huệ, ly)","Áo dài bát bửu, bảo tàng văn hóa Huế,  ảnh: Nguyễn Tấn",train
HVDV_-_LYTRAN_-_060_crop_01.png,HVDV - LYTRAN - 060_ver_01.pdf,HVDV - LYTRAN - 060,Ly-Tran,colored,1668,1669,1,1,Lục Bình,Cúc đầu ống ngói,"Hoa Văn Việt Nam Từ Thời Tiền Sử Đến Nửa Đầu Thời Kỳ Phong Kiến (Nguyễn Du Chi, 2003)",train
HVDV_-_NGN_-_AO_-_008_crop_02.png,HVDV - NGN - AO - 008_ver_03.pdf,HVDV - NGN - AO - 008,Nguyen,line_art,942,941,2,6,Võ Quỳnh Trâm,Chữ thọ trên sa và đoạn,"Áo dài bát bửu, bảo tàng văn hóa Huế,  ảnh: Nguyễn Tấn",train
HVDV_-_NGN_-_AO_-_098_crop_08.png,HVDV - NGN - AO - 098_ver_03.pdf,HVDV - NGN - AO - 098,Nguyen,colored,940,767,8,9,Võ Quỳnh Trâm,"Cúc, mai, mẫu đơn dệt trên đoạn","áo dài bát bửu, bảo tàng văn hóa Huế,  ảnh Nguyễn Tấn",train
HVDV_-_NGN_-_AO_-_099_crop_01.png,HVDV - NGN - AO - 099_ver_02.pdf,HVDV - NGN - AO - 099,Nguyen,line_art,298,302,1,3,Lưu Văn Hiếu,"Nho, dệt trên đoạn","Bộ sưu tập áo dài TS Thái Kim Lan, ảnh: Trần Khánh Vân",train
HVDV_-_NGN_-_KT_-_010_crop_01.png,HVDV - NGN - KT - 010_ver_01.pdf,HVDV - NGN - KT - 010,Nguyen,line_art,5906,2615,1,1,Lưu Văn Hiếu,Long ẩn vân,"Cố cung Huế, ảnh: Phạm Tiến Phát",train
HVDV_-_NGN_-_AO_-_013_crop_03.png,HVDV - NGN - AO - 013_ver_03.pdf,HVDV - NGN - AO - 013,Nguyen,colored,1771,1899,3,3,Võ Quỳnh Trâm,Mãng ổ,"Triều phục Mãng bào của triều thần- Bảo tàng văn hóa Huế,  ảnh: Nguyễn Tấn",train
HVDV_-_NGN_-_AO_-_009_crop_01.png,HVDV - NGN - AO - 009_ver_04.pdf,HVDV - NGN - AO - 009,Nguyen,line_art,10944,3378,1,3,Võ Quỳnh Trâm,"Mẫu đơn, cúc và sen thêu trên đoạn","Áo dài bát bửu, bảo tàng văn hóa Huế,  ảnh: Nguyễn Tấn",train
HVDV_-_NGN_-_KT_-_008_crop_01.png,HVDV - NGN - KT - 008_ver_01.pdf,HVDV - NGN - KT - 008,Nguyen,line_art,1458,1345,1,1,Lê Thị Hồng Định,"Bát bảo lẵng sơn, gỗ sơn","Cố cung Huế, ảnh: Phạm Tiến Phát",train
HVDV_-_NGN_-_AO_-_005_crop_04.png,HVDV - NGN - AO - 005_ver_03.pdf,HVDV - NGN - AO - 005,Nguyen,colored,1415,1413,4,9,Võ Quỳnh Trâm,"Cá và dơi, họa tiết dệt trên đoạn","Bộ sưu tập áo dài của TS. Thái Kim Lan,  ảnh: Trần Khánh Vân",train
HVDV_-_NGN_-_AO_-_011_crop_03.png,HVDV - NGN - AO - 011_ver_04.pdf,HVDV - NGN - AO - 011,Nguyen,colored,6815,7111,3,3,Võ Quỳnh Trâm,Con mãng thêu trên đoạn,"Triều phục của Thái tử- Bảo tàng Cổ vật Cung đình Huế,  ảnh: Nguyễn Tấn",train
HVDV_-_NGN_-_SACH_-_012_crop_01.png,HVDV - NGN - SACH - 012_ver_01.pdf,HVDV - NGN - SACH - 012,Nguyen,colored,380,320,1,1,Lưu Văn Hiếu,Hồi văn chữ Thọ,"Biểu tượng của người An Nam,  Bảo tàng Guimet, (Gustave Dumoutier, 1891)",train
HVDV_-_NGN_-_023b_crop_01.png,HVDV - NGN - 023b_ver_01.pdf,HVDV - NGN - 023b,Nguyen,line_art,2878,1747,1,1,Ngô Bá Phóng,Lân,"Trang trí sơn son trên hộp thời Nguyễn, Đại nội Huế, ảnh: Phan Huy Lê",train
HVDV_-_LS_-_011_crop_01.png,HVDV - LS - 011_ver_01.pdf,HVDV - LS - 011,Le,line_art,1813,1669,1,1,Võ Quỳnh Trâm,Chim phượng,"Gốm hoa lam Việt Nam (Bùi Minh Trí- Kerry Nguyễn Long, 2001)",train
HVDV_-_LS_-_KT_-_001_crop_01.png,HVDV - LS - KT - 001_ver_001.pdf,HVDV - LS - KT - 001,Le,line_art,1863,1263,1,1,Võ Quỳnh Trâm,Mây,"Trang trí thềm điện Kính Thiên, Hà Nội, ảnh: Cù Minh Khôi",train
HVDV_-_NGN_-_AO_-_037_crop_01.png,HVDV - NGN - AO - 037_ver_02.pdf,HVDV - NGN - AO - 037,Nguyen,line_art,2152,2152,1,2,Võ Quỳnh Trâm,"Loan ổ, thêu trên sa","Áo ngũ thân sa kép công chúa, phục dựng bởi nghệ nhân Vũ Văn Giỏi,  ảnh Nguyễn Tấn",train
HVDV_-_LS_-_021_crop_01.png,HVDV - LS - 021_ver_04.pdf,HVDV - LS - 021,Le,line_art,1408,1408,1,1,Võ Quỳnh Trâm,Rồng ổ,"Gốm hoa lam Việt Nam (Bùi Minh Trí- Kerry Nguyễn Long, 2001)",train
HVDV_-_LTH_-_BTLSQG_-_067_crop_01.png,HVDV - LTH - BTLSQG - 067_ver_02.pdf,HVDV - LTH - BTLSQG - 067,Le,colored,24422,6824,1,1,Lưu Văn Hiếu,Hoa cúc trên diềm bia,"Bảo tàng Lịch sử Quốc gia, ảnh: Trương Tuấn Anh",train
HVDV_-_NGN_-_AO_-_098_crop_05.png,HVDV - NGN - AO - 098_ver_03.pdf,HVDV - NGN - AO - 098,Nguyen,colored,940,939,5,9,Võ Quỳnh Trâm,"Cúc, mai, mẫu đơn dệt trên đoạn","áo dài bát bửu, bảo tàng văn hóa Huế,  ảnh Nguyễn Tấn",train
HVDV_-_NGN_-_AO_-_040_crop_03.png,HVDV - NGN - AO - 040_ver_03.pdf,HVDV - NGN - AO - 040,Nguyen,colored,1820,2120,3,3,Võ Quỳnh Trâm,Mẫu đơn thêu trên đoạn,"áo tấc của vua Khải Định, bộ sưu tập áo dài TS Thái Kim Lan, người  Trần Khánh Vân",train
HVDV_-_NGN_-_DO_-_001_crop_01.png,HVDV - NGN - DO - 001_ver_03.pdf,HVDV - NGN - DO - 001,Nguyen,colored,1729,2358,1,3,Võ Quỳnh Trâm,Hổ thêu trên vải,"cờ Hổ Vỹ, website bảo tàng Quân đội Pháp",train
HVDV_-_NGN_-_BS_-_001_crop_01.png,HVDV - NGN - BS - 001_ver_01.pdf,HVDV - NGN - BS - 001,Nguyen,line_art,19974,3972,1,1,Lê Thị Hồng Định,Lưỡng long chầu nhật,Đỉnh đồng dựng trước thế miếu Đại nội kinh thành Huế. Ảnh : Phan Huy Lê,train
HVDV_-_NGN_-_AO_-_008_crop_03.png,HVDV - NGN - AO - 008_ver_03.pdf,HVDV - NGN - AO - 008,Nguyen,colored,941,940,3,6,Võ Quỳnh Trâm,Chữ thọ trên sa và đoạn,"Áo dài bát bửu, bảo tàng văn hóa Huế,  ảnh: Nguyễn Tấn",train
HVDV_-_NGN_-_KT_-_015_crop_02.png,HVDV - NGN - KT - 015_ver_04.pdf,HVDV - NGN - KT - 015,Nguyen,colored,9202,6228,2,3,Võ Quỳnh Trâm,Long mã phù thư,"Cố cung Huế, ảnh: Phạm Tiến Phát",test
HVDV_-_LTH_-_MC_-_018_crop_01.png,HVDV - LTH - MC - 018_ver_03.pdf,HVDV - LTH - MC - 018,Le,colored,4755,4562,1,1,San Nguyễn,Nghê,"Chạm khắc trang trí đình Trà Cổ, ảnh: Lê Hoài Đức",test
HVDV_-_LTH_-_DA_-_019_crop_01.png,HVDV - LTH - DA - 019_ver_01.pdf,HVDV - LTH - DA - 019,Le,line_art,6686,5635,1,1,Ngô Bá Phóng,Hoa cúc,"Lăng Phạm Đôn Nghị, ảnh: Lê Mai Thiện",test
HVDV_-_LS_-_007_crop_01.png,HVDV - LS - 007_ver_01.pdf,HVDV - LS - 007,Le,line_art,2891,1719,1,1,Nguyễn Tuấn Nam,Long mã,"Gốm hoa lam Việt Nam (Bùi Minh Trí- Kerry Nguyễn Long, 2001)",test
HVDV_-_LTH_-_DA_-_055_crop_01.png,HVDV - LTH - DA - 055_ver_02.pdf,HVDV - LTH - DA - 055,Le,line_art,2898,1295,1,1,Ngô Bá Phóng,Phượng,"Bia Nam Giao, Bảo tàng Lịch sử quốc gia, ảnh: Lê Mai Thiện",test
HVDV_-_LTH_-_DA_-_073_crop_01.png,HVDV - LTH - DA - 073_ver_03.pdf,HVDV - LTH - DA - 073,Le,line_art,4111,1998,1,1,Ngô Bá Phóng,Loan phượng,"Bia chùa Đậu, ảnh: Lê Mai Thiện",test
HVDV_-_NGN_-_AO_-_098_crop_02.png,HVDV - NGN - AO - 098_ver_03.pdf,HVDV - NGN - AO - 098,Nguyen,line_art,940,769,2,9,Võ Quỳnh Trâm,"Cúc, mai, mẫu đơn dệt trên đoạn","áo dài bát bửu, bảo tàng văn hóa Huế,  ảnh Nguyễn Tấn",test
HVDV_-_LTH_-_BIA_-_006_crop_01.png,HVDV - LTH - BIA - 006_ver_01.pdf,HVDV - LTH - BIA - 006,Le,line_art,6217,1907,1,1,Lê Thị Hồng Định,Rồng chầu nhật,"Trán bia chùa Sếu, thành phố Hải Dương, ảnh: Đào Đức Minh",test
HVDV_-_NGN_-_AO_-_001_crop_07.png,HVDV - NGN - AO - 001_ver_04.pdf,HVDV - NGN - AO - 001,Nguyen,colored,2696,2738,7,12,Võ Quỳnh Trâm,"Đào, bầu, mẫu đơn, bách hợp (huệ, ly)","Áo dài bát bửu, bảo tàng văn hóa Huế,  ảnh: Nguyễn Tấn",test
HVDV_-_LS_-_005_crop_01.png,HVDV - LS - 005_ver_03.pdf,HVDV - LS - 005,Le,colored,1667,1668,1,1,Võ Quỳnh Trâm,Sư tử ngậm tiền,"Gốm hoa lam Việt Nam (Bùi Minh Trí- Kerry Nguyễn Long, 2001)",test
HVDV_-_NGN_-_PT_-_001_crop_01.png,HVDV - NGN - PT - 001_ver_03.pdf,HVDV - NGN - PT - 001,Nguyen,line_art,2205,1194,1,2,Lục Bình,"Đồ án trang trí chữ vạn, chữ nhân, hình thoi trên đồ cụ và kiến trúc","Cố cung Huế, ảnh: Phạm Tiến Phát",test
HVDV_-_NGN_-_KT_-_007_crop_02.png,HVDV - NGN - KT - 007_ver_02.pdf,HVDV - NGN - KT - 007,Nguyen,colored,4245,1805,2,3,Lê Thị Hồng Định,"Bát bảo quạt, pháp lam","Cố cung Huế, ảnh: Phạm Tiến Phát",test
HVDV_-_LYTRAN_-_015_crop_01.png,HVDV - LYTRAN - 015_ver_01.pdf,HVDV - LYTRAN - 015,Ly-Tran,colored,8856,2128,1,1,Lục Bình,Vũ nữ cầm hoa sen,"Di tích tháp Chương Sơn, bảo tàng Nam Định, ảnh: Nguyễn Ngọc Duy",test
HVDV_-_NGN_-_KT_-_020_crop_03.png,HVDV - NGN - KT - 020_ver_02.pdf,HVDV - NGN - KT - 020,Nguyen,colored,6695,2231,3,3,Lê Thị Hồng Định,"Bảo bối cuốn thư, pháp lam","Cố cung Huế, ảnh: Phạm Tiến Phát",test
HVDV_-_NGN_-_AO_-_006_crop_02.png,HVDV - NGN - AO - 006_ver_05.pdf,HVDV - NGN - AO - 006,Nguyen,colored,12956,12746,2,3,Võ Quỳnh Trâm,"Con mãng, thêu ở ngực và vai","Triều phục Mãng bào của triều thần- Bảo tàng văn hóa Huế,  ảnh: Nguyễn Tấn",test
HVDV_-_NGN_-_KT_-_015_crop_01.png,HVDV - NGN - KT - 015_ver_04.pdf,HVDV - NGN - KT - 015,Nguyen,colored,9202,6228,1,3,Võ Quỳnh Trâm,Long mã phù thư,"Cố cung Huế, ảnh: Phạm Tiến Phát",test
HVDV_-_NGN_-_DO_-_014_crop_01.png,HVDV - NGN - DO - 014_ver_01.pdf,HVDV - NGN - DO - 014,Nguyen,line_art,649,7917,1,1,Võ Quỳnh Trâm,"Dây lá và chữ Thọ, chạm gỗ","Bảo tàng Lịch sử quốc gia, ảnh: Trương Tuấn Anh",test
HVDV_-_NGN_-_AO_-_038_crop_02.png,HVDV - NGN - AO - 038_ver_02.pdf,HVDV - NGN - AO - 038,Nguyen,colored,1324,1734,2,2,Võ Quỳnh Trâm,"Tam sơn thủy ba, dệt trên đoạn","áo ngũ thân hoàng tử, phục dựng bởi nghệ nhân Vũ Văn Giỏi,  ảnh Nguyễn Tấn",test
HVDV_-_NGN_-_DO_-_001_crop_03.png,HVDV - NGN - DO - 001_ver_03.pdf,HVDV - NGN - DO - 001,Nguyen,colored,1727,2358,3,3,Võ Quỳnh Trâm,Hổ thêu trên vải,"cờ Hổ Vỹ, website bảo tàng Quân đội Pháp",test
HVDV_-_NGN_-_AO_-_007_crop_06.png,HVDV - NGN - AO - 007_ver_04.pdf,HVDV - NGN - AO - 007,Nguyen,colored,7520,4674,6,6,Võ Quỳnh Trâm,"Bát bảo quạt, thêu trên đoạn","Bộ sưu tập áo dài của TS. Thái Kim Lan,  ảnh: Trần Khánh Vân",test
HVDV_-_LYTRAN_-_081_crop_02.png,HVDV - LYTRAN - 081_ver_02.pdf,HVDV - LYTRAN - 081,Ly-Tran,line_art,1681,1318,2,3,Lục Bình,"Cúc, sen, bảo tướng hoa thời Lý","Tháp Chương Sơn, Nam Định, ảnh: Nguyễn Ngọc Duy",test
HVDV_-_LTH_-_DA_-_011_crop_01.png,HVDV - LTH - DA - 011_ver_02.pdf,HVDV - LTH - DA - 011,Le,line_art,1195,8018,1,1,Võ Quỳnh Trâm,Hạc ngậm sen,"Cây hương đá thời Cảnh Trị, ảnh: Lê Mai Thiện",test
HVDV_-_NGN_-_002_crop_01.png,HVDV - NGN - 002_ver_01.pdf,HVDV - NGN - 002,Nguyen,line_art,4835,2738,1,1,Ngô Bá Phóng,"Núi, mây phủ trên đỉnh, có mỹ tự","Cửu đỉnh, Thế Miếu, Đại nội Huế,  ảnh: Phan Huy Lê",test
HVDV_-_LYTRAN_-_091_crop_01.png,HVDV - LYTRAN - 091_ver_02.pdf,HVDV - LYTRAN - 091,Ly-Tran,colored,1952,1357,1,1,Trâm,Kalavinka trong lá đề,"Chùa Thái Lạc, ảnh: Nguyễn Ngọc Duy",test
HVDV_-_LTH_-_GO_-_068b_crop_01.png,HVDV - LTH - GO - 068b_ver_02.pdf,HVDV - LTH - GO - 068b,Le,colored,2539,1857,1,1,Lưu Văn Hiếu,Hoa dây,"Bệ tượng Phật chùa Tây Phương, Thạch Thất, Hà Nội, ảnh: Đào Đức Minh",test
HVDV_-_LYTRAN_-_070_crop_01.png,HVDV - LYTRAN - 070_ver_02.pdf,HVDV - LYTRAN - 070,Ly-Tran,colored,1567,2001,1,1,Lục Bình,Phượng trong lá đề thời Lý,"Trang trí mái nhà thời Lý, Bảo tàng Lịch sử Quốc gia, ảnh: Đặng Bá Minh Công",test
HVDV_-_LYTRAN_-_001_crop_01.png,HVDV - LYTRAN - 001_ver_01.pdf,HVDV - LYTRAN - 001,Ly-Tran,line_art,6640,3347,1,1,Định Lê,Rồng thời Trần,"Chạm khắc bệ đá hoa sen chùa Bối Khê, ảnh: Nguyễn Ngọc Duy",test
HVDV_-_LS_-_DA_-_001_crop_01.png,HVDV - LS - DA - 001_ver_01.pdf,HVDV - LS - DA - 001,Le,line_art,2087,448,1,1,Lục Bình,Trang trí diềm,"Bệ thờ khai quật được tại đền Quan Đế, Hà Nội, ảnh: Đặng Bá Minh Công",test
HVDV_-_NGN_-_AO_-_101_crop_01.png,HVDV - NGN - AO - 101_ver_04.pdf,HVDV - NGN - AO - 101,Nguyen,line_art,6911,9168,1,3,Võ Quỳnh Trâm,Phượng thêu trên đoạn,Phượng bào của Hoàng Hậu- Bảo tàng văn hóa Huế-  ảnh: Nguyễn Tấn,test
HVDV_-_LTH_-_BTLSQG_-_032c_crop_02.png,HVDV - LTH - BTLSQG - 032c_ver_01.pdf,HVDV - LTH - BTLSQG - 032c,Le,line_art,2475,1380,2,2,Nguyễn Tuấn Nam,Hồi văn sóng nước,"Bảo tàng Lịch sử Quốc gia, ảnh: Trương Tuấn Anh",test
HVDV_-_NGN_-_AO_-_097_crop_01.png,HVDV - NGN - AO - 097_ver_03.pdf,HVDV - NGN - AO - 097,Nguyen,line_art,2199,1210,1,3,Võ Quỳnh Trâm,Phật thủ và lựu dệt trên đoạn,"áo dài bát bửu, bảo tàng văn hóa Huế,  ảnh Nguyễn Tấn",test
HVDV_-_NGN_-_SACH_-_005_crop_01.png,HVDV - NGN - SACH - 005_ver_01.pdf,HVDV - NGN - SACH - 005,Nguyen,colored,1319,215,1,1,Lưu Văn Hiếu,Họa tiết hoa lá,"Họa tiết trong mỹ thuật An Nam, L.Cardiere",test
HVDV_-_LTH_-_MC_-_042_crop_01.png,HVDV - LTH - MC - 042_ver_01.pdf,HVDV - LTH - MC - 042,Le,line_art,16773,6541,1,1,Võ Quỳnh Trâm,Rồng,"Rồng trên bệ tượng Pháp Vân chùa Dâu, Chùa Việt Nam (Hà Văn Tấn - Nguyễn Văn Kự - Phạm Ngọc Long)",test
HVDV_-_LTH_-_PT_-_002_crop_01.png,HVDV - LTH - PT - 002_ver_02.pdf,HVDV - LTH - PT - 002,Le,line_art,2164,1530,1,4,Lục Bình,Hoa văn áo giáp,"Tượng hộ pháp chùa Sùng Ân, ảnh: Nguyễn Trí Quang - VR3D.VN",test
HVDV_-_NGN_-_BS_-_007_crop_01.png,HVDV - NGN - BS - 007_ver_01.pdf,HVDV - NGN - BS - 007,Nguyen,line_art,3241,13004,1,1,Lê Thị Hồng Định,Triện tàu dắt lá,Chạm khắc lan can gỗ. Đại nội Huế. Ảnh: Phan Huy Lê,test
HVDV_-_LYTRAN_-_032_-_6_-_9_crop_01.png,HVDV - LYTRAN - 032 - 6 - 9_ver_01.pdf,HVDV - LYTRAN - 032 - 6 - 9,Ly-Tran,colored,469,472,1,2,Lục Bình,Hoa sen thời Lý,"Đầu ngói ống, di tích Trần Phú và di tích Hoàng thành Thăng Long. Ảnh: Đặng Hồng Sơn, Gạch ngói và vật liệu trang trí trên mái thời Lý - Trần - Hồ, Nxb Thế giới, 2016, tr.556-557",test
HVDV_-_NGN_-_AO_-_099_crop_02.png,HVDV - NGN - AO - 099_ver_02.pdf,HVDV - NGN - AO - 099,Nguyen,colored,381,302,2,3,Lưu Văn Hiếu,"Nho, dệt trên đoạn","Bộ sưu tập áo dài TS Thái Kim Lan, ảnh: Trần Khánh Vân",test
HVDV_-_NGN_-_AO_-_005_crop_09.png,HVDV - NGN - AO - 005_ver_03.pdf,HVDV - NGN - AO - 005,Nguyen,colored,1413,1120,9,9,Võ Quỳnh Trâm,"Cá và dơi, họa tiết dệt trên đoạn","Bộ sưu tập áo dài của TS. Thái Kim Lan,  ảnh: Trần Khánh Vân",test
HVDV_-_NGN_-_KT_-_009_crop_01.png,HVDV - NGN - KT - 009_ver_01.pdf,HVDV - NGN - KT - 009,Nguyen,line_art,4733,3259,1,1,Lưu Văn Hiếu,Sư tử bậc thềm,"Cố cung Huế, ảnh: Phạm Tiến Phát",test
HVDV_-_LTH_-_PT_-_004_crop_01.png,HVDV - LTH - PT - 004_ver_01.pdf,HVDV - LTH - PT - 004,Le,colored,2426,1894,1,1,Võ Quỳnh Trâm,Hoa văn trang trí đường diềm,Tổng hợp một số trang trí đường diềm trên đồ gốm thời Lê,test
HVDV_-_NGN_-_PT_-_003_crop_02.png,HVDV - NGN - PT - 003_ver_02.pdf,HVDV - NGN - PT - 003,Nguyen,colored,3423,5867,2,2,Lục Bình,"Đồ án trang trí bát giác, hoa thị trên đồ cụ và kiến trúc","Cố cung Huế, ảnh: Phạm Tiến Phát",test
HVDV_-_NGN_-_AO_-_006_crop_03.png,HVDV - NGN - AO - 006_ver_05.pdf,HVDV - NGN - AO - 006,Nguyen,colored,9356,12746,3,3,Võ Quỳnh Trâm,"Con mãng, thêu ở ngực và vai","Triều phục Mãng bào của triều thần- Bảo tàng văn hóa Huế,  ảnh: Nguyễn Tấn",test
HVDV_-_NGN_-_PT_-_002_crop_01.png,HVDV - NGN - PT - 002_ver_02.pdf,HVDV - NGN - PT - 002,Nguyen,line_art,11515,19410,1,2,Lục Bình,"Đồ án trang trí hoa thị, vòng tròn trên đồ cụ và kiến trúc","Cố cung Huế, ảnh: Phạm Tiến Phát",test
HVDV_-_LYTRAN_-_021_crop_01.png,HVDV - LYTRAN - 021_ver_01.pdf,HVDV - LYTRAN - 021,Ly-Tran,line_art,1471,1471,1,1,Lục Bình,Rồng ổ thời Lý,"Nắp hộp tráng men xanh ngọc thời Lý. Ảnh: Hội KHLSVN-Tạp chí Xưa&Nay, Hoàng thành Thăng Long-Phát hiện Khảo cổ học, 2004, tr.98",test
HVDV_-_LTH_-_BIA_-_026_crop_01.png,HVDV - LTH - BIA - 026_ver_01.pdf,HVDV - LTH - BIA - 026,Le,line_art,5329,21939,1,1,Lê Thị Hồng Định,Rồng chạm khắc trên cạnh bia,"Bia Hậu bảo tàng Hải Dương, ảnh: Đặng Bá Minh Công",test
HVDV_-_NGN_-_AO_-_103_crop_01.png,HVDV - NGN - AO - 103_ver_03.pdf,HVDV - NGN - AO - 103,Nguyen,colored,2364,1564,1,1,Võ Quỳnh Trâm,"Bát bảo pháp luân, hồ lô, sừng tê, dệt trên đoạn","áo dài bát bửu, bảo tàng văn hóa Huế,  ảnh: Nguyễn Tấn",test
HVDV_-_LTH_-_PT_-_001_crop_02.png,HVDV - LTH - PT - 001_ver_01.pdf,HVDV - LTH - PT - 001,Le,colored,941,939,2,2,Lục Bình,"Hoa văn chữ ""vạn""","Diềm bia nhà thờ chúa Trịnh Giang, chụp ảnh: Đào Đức Minh",test
HVDV_-_NGN_-_AO_-_009_crop_03.png,HVDV - NGN - AO - 009_ver_04.pdf,HVDV - NGN - AO - 009,Nguyen,colored,10944,2756,3,3,Võ Quỳnh Trâm,"Mẫu đơn, cúc và sen thêu trên đoạn","Áo dài bát bửu, bảo tàng văn hóa Huế,  ảnh: Nguyễn Tấn",test
HVDV_-_LYTRAN_-_063_crop_01.png,HVDV - LYTRAN - 063_ver_01.pdf,HVDV - LYTRAN - 063,Ly-Tran,line_art,836,850,1,1,Lục Bình,Hoa dây xoắn ốc,"Tháp Phổ Minh, chùa Phổ Minh, Nam Định. Ảnh: Nguyễn Ngọc Duy",test
HVDV_-_LYTRAN_-_PT_-_001_crop_01.png,HVDV - LYTRAN - PT - 001_ver_01.pdf,HVDV - LYTRAN - PT - 001,Ly-Tran,colored,1004,955,1,1,Lục Bình,Pattern hoa mai,Hoa văn trên tượng sư tử chùa Lạng. Ảnh: Đặng Hồng Sơn,test
HVDV_-_NGN_-_DO_-_009_crop_01.png,HVDV - NGN - DO - 009_ver_01.pdf,HVDV - NGN - DO - 009,Nguyen,line_art,360,579,1,1,Lưu Văn Hiếu,Chữ Thọ chạm trên gỗ,"Bảo tàng Lịch sử quốc gia, ảnh: Trương Tuấn Anh",test
HVDV_-_LYTRAN_-_040_-_1_crop_01.png,HVDV - LYTRAN - 040 - 1_ver_02.pdf,HVDV - LYTRAN - 040 - 1,Ly-Tran,colored,3701,3701,1,1,Lục Bình,Hoa dây thời Lý- Trần,"Gạch vuông trang trí hoa dây, di tích thành Tây Đô. Ảnh: Đặng Hồng Sơn, Gạch ngói và vật liệu trang trí trên mái thời Lý - Trần - Hồ, Nxb Thế giới, 2016, tr.442",test
HVDV_-_LTH_-_GO_-_100_crop_01.png,HVDV - LTH - GO - 100_ver_01.pdf,HVDV - LTH - GO - 100,Le,colored,3788,759,1,1,San Nguyễn,Hoa lá,"Nghệ thuật chạm trổ Việt Nam (Viện Mỹ thuật, nxb Mỹ Thuật)",test
HVDV_-_NGN_-_AO_-_009_crop_02.png,HVDV - NGN - AO - 009_ver_04.pdf,HVDV - NGN - AO - 009,Nguyen,colored,10944,3376,2,3,Võ Quỳnh Trâm,"Mẫu đơn, cúc và sen thêu trên đoạn","Áo dài bát bửu, bảo tàng văn hóa Huế,  ảnh: Nguyễn Tấn",test
HVDV_-_NGN_-_AO_-_033_crop_03.png,HVDV - NGN - AO - 033_ver_03.pdf,HVDV - NGN - AO - 033,Nguyen,colored,1747,934,3,3,Võ Quỳnh Trâm,"Hoa dây và trái bầu, dệt trên đoạn","áo dài bát bửu, bảo tàng văn hóa Huế,  ảnh Nguyễn Tấn",test
HVDV_-_NGN_-_AO_-_006_crop_01.png,HVDV - NGN - AO - 006_ver_05.pdf,HVDV - NGN - AO - 006,Nguyen,line_art,12957,12746,1,3,Võ Quỳnh Trâm,"Con mãng, thêu ở ngực và vai","Triều phục Mãng bào của triều thần- Bảo tàng văn hóa Huế,  ảnh: Nguyễn Tấn",test
HVDV_-_LTH_-_BTLSQG_-_001_crop_01.png,HVDV - LTH - BTLSQG - 001_ver_02.pdf,HVDV - LTH - BTLSQG - 001,Le,line_art,5145,1569,1,1,Nguyễn Tuấn Nam,Mẫu đơn trên đồ gốm,"Bảo tàng Lịch sử Quốc gia, ảnh: Trương Tuấn Anh",test
HVDV_-_LTH_-_BIA_-_010_crop_01.png,HVDV - LTH - BIA - 010_ver_02.pdf,HVDV - LTH - BIA - 010,Le,line_art,8456,1787,1,1,Lê Thị Hồng Định,Rồng chầu nhật,"Trán bia Hậu chùa Đông Dương, hiện vật Bảo tàng Hải Dương, ảnh: Đào Đức Minh",test
HVDV_-_NGN_-_KT_-_018_crop_03.png,HVDV - NGN - KT - 018_ver_03.pdf,HVDV - NGN - KT - 018,Nguyen,colored,14311,4231,3,3,Lê Thị Hồng Định,"Bảo bối đàn, pháp lam","Cố cung Huế, ảnh: Phạm Tiến Phát",test
