step,epoch,loss_diffusion,loss_cultural,loss_total,lr
0,1,0.077157,0.000000,0.077157,1.00e-06
1,1,0.083747,0.000000,0.083747,2.00e-06
2,1,0.086988,0.000000,0.086988,3.00e-06
3,1,0.046767,0.000000,0.046767,4.00e-06
4,1,0.040535,0.000000,0.040535,5.00e-06
5,1,0.035002,0.000000,0.035002,6.00e-06
6,1,0.030142,0.000000,0.030142,7.00e-06
7,1,0.038130,0.000000,0.038130,8.00e-06
8,1,0.048649,0.000000,0.048649,9.00e-06
9,1,0.082588,0.000000,0.082588,1.00e-05
10,1,0.085367,0.000000,0.085367,1.10e-05
11,1,0.047698,0.000000,0.047698,1.20e-05
12,1,0.110880,0.000000,0.110880,1.30e-05
13,1,0.052444,0.000000,0.052444,1.40e-05
14,1,0.058740,0.000000,0.058740,1.50e-05
15,1,0.061574,0.000000,0.061574,1.60e-05
16,1,0.042263,0.000000,0.042263,1.70e-05
17,1,0.066521,0.000000,0.066521,1.80e-05
18,1,0.049236,0.000000,0.049236,1.90e-05
19,1,0.033979,0.000000,0.033979,2.00e-05
20,1,0.030011,0.000000,0.030011,2.10e-05
21,1,0.041432,0.000000,0.041432,2.20e-05
22,1,0.038705,0.000000,0.038705,2.30e-05
23,1,0.055055,0.000000,0.055055,2.40e-05
24,1,0.056482,0.000000,0.056482,2.50e-05
25,1,0.065988,0.000000,0.065988,2.60e-05
26,1,0.047416,0.000000,0.047416,2.70e-05
27,1,0.103738,0.000000,0.103738,2.80e-05
28,1,0.028339,0.000000,0.028339,2.90e-05
29,1,0.025125,0.000000,0.025125,3.00e-05
30,1,0.029108,0.000000,0.029108,3.10e-05
31,2,0.046856,0.000000,0.046856,3.20e-05
32,2,0.038484,0.000000,0.038484,3.30e-05
33,2,0.090171,0.000000,0.090171,3.40e-05
34,2,0.044618,0.000000,0.044618,3.50e-05
35,2,0.049415,0.000000,0.049415,3.60e-05
36,2,0.078730,0.000000,0.078730,3.70e-05
37,2,0.055605,0.000000,0.055605,3.80e-05
38,2,0.047641,0.000000,0.047641,3.90e-05
39,2,0.052320,0.000000,0.052320,4.00e-05
40,2,0.040166,0.000000,0.040166,4.10e-05
41,2,0.030691,0.000000,0.030691,4.20e-05
42,2,0.043774,0.000000,0.043774,4.30e-05
43,2,0.037003,0.000000,0.037003,4.40e-05
44,2,0.037813,0.000000,0.037813,4.50e-05
45,2,0.071632,0.000000,0.071632,4.60e-05
46,2,0.130665,0.000000,0.130665,4.70e-05
47,2,0.063485,0.000000,0.063485,4.80e-05
48,2,0.039447,0.000000,0.039447,4.90e-05
49,2,0.044212,0.000000,0.044212,5.00e-05
50,2,0.050918,0.000000,0.050918,5.10e-05
51,2,0.057002,0.000000,0.057002,5.20e-05
52,2,0.031653,0.000000,0.031653,5.30e-05
53,2,0.039635,0.000000,0.039635,5.40e-05
54,2,0.054978,0.000000,0.054978,5.50e-05
55,2,0.075109,0.000000,0.075109,5.60e-05
56,2,0.037992,0.000000,0.037992,5.70e-05
57,2,0.058116,0.000000,0.058116,5.80e-05
58,2,0.063490,0.000000,0.063490,5.90e-05
59,2,0.086326,0.000000,0.086326,6.00e-05
60,2,0.066038,0.000000,0.066038,6.10e-05
61,2,0.071529,0.000000,0.071529,6.20e-05
62,3,0.052125,0.000000,0.052125,6.30e-05
63,3,0.043122,0.000000,0.043122,6.40e-05
64,3,0.026536,0.000000,0.026536,6.50e-05
65,3,0.045863,0.000000,0.045863,6.60e-05
66,3,0.047331,0.000000,0.047331,6.70e-05
67,3,0.037675,0.000000,0.037675,6.80e-05
68,3,0.088912,0.000000,0.088912,6.90e-05
69,3,0.036913,0.000000,0.036913,7.00e-05
70,3,0.047422,0.000000,0.047422,7.10e-05
71,3,0.081954,0.000000,0.081954,7.20e-05
72,3,0.057871,0.000000,0.057871,7.30e-05
73,3,0.073400,0.000000,0.073400,7.40e-05
74,3,0.040700,0.000000,0.040700,7.50e-05
75,3,0.030975,0.000000,0.030975,7.60e-05
76,3,0.058814,0.000000,0.058814,7.70e-05
77,3,0.098119,0.000000,0.098119,7.80e-05
78,3,0.048302,0.000000,0.048302,7.90e-05
79,3,0.041168,0.000000,0.041168,8.00e-05
80,3,0.064339,0.000000,0.064339,8.10e-05
81,3,0.035280,0.000000,0.035280,8.20e-05
82,3,0.040603,0.000000,0.040603,8.30e-05
83,3,0.018739,0.000000,0.018739,8.40e-05
84,3,0.052074,0.000000,0.052074,8.50e-05
85,3,0.103280,0.000000,0.103280,8.60e-05
86,3,0.098176,0.000000,0.098176,8.70e-05
87,3,0.032085,0.000000,0.032085,8.80e-05
88,3,0.073288,0.000000,0.073288,8.90e-05
89,3,0.060100,0.000000,0.060100,9.00e-05
90,3,0.066728,0.000000,0.066728,9.10e-05
91,3,0.048573,0.000000,0.048573,9.20e-05
92,3,0.110875,0.000000,0.110875,9.30e-05
93,4,0.045568,0.000000,0.045568,9.40e-05
94,4,0.065280,0.000000,0.065280,9.50e-05
95,4,0.062710,0.000000,0.062710,9.60e-05
96,4,0.031330,0.000000,0.031330,9.70e-05
97,4,0.043982,0.000000,0.043982,9.80e-05
98,4,0.078135,0.000000,0.078135,9.90e-05
99,4,0.059167,0.000000,0.059167,1.00e-04
100,4,0.113908,0.000000,0.113908,1.00e-04
101,4,0.061026,0.000000,0.061026,1.00e-04
102,4,0.030218,0.000000,0.030218,1.00e-04
103,4,0.072925,0.000000,0.072925,1.00e-04
104,4,0.060251,0.000000,0.060251,1.00e-04
105,4,0.074920,0.000000,0.074920,1.00e-04
106,4,0.057122,0.000000,0.057122,1.00e-04
107,4,0.045741,0.000000,0.045741,1.00e-04
108,4,0.089253,0.000000,0.089253,1.00e-04
109,4,0.031831,0.000000,0.031831,1.00e-04
110,4,0.030469,0.000000,0.030469,1.00e-04
111,4,0.088147,0.000000,0.088147,1.00e-04
112,4,0.044917,0.000000,0.044917,1.00e-04
113,4,0.036685,0.000000,0.036685,1.00e-04
114,4,0.056619,0.000000,0.056619,1.00e-04
115,4,0.035440,0.000000,0.035440,1.00e-04
116,4,0.063399,0.000000,0.063399,1.00e-04
117,4,0.091129,0.000000,0.091129,1.00e-04
118,4,0.074269,0.000000,0.074269,1.00e-04
119,4,0.038649,0.000000,0.038649,1.00e-04
120,4,0.057478,0.000000,0.057478,9.99e-05
121,4,0.048195,0.000000,0.048195,9.99e-05
122,4,0.073693,0.000000,0.073693,9.99e-05
123,4,0.038875,0.000000,0.038875,9.99e-05
124,5,0.027496,0.000000,0.027496,9.99e-05
125,5,0.074816,0.000000,0.074816,9.99e-05
126,5,0.030941,0.000000,0.030941,9.99e-05
127,5,0.028573,0.000000,0.028573,9.99e-05
128,5,0.062454,0.000000,0.062454,9.99e-05
129,5,0.047423,0.000000,0.047423,9.99e-05
130,5,0.031489,0.000000,0.031489,9.99e-05
131,5,0.035137,0.000000,0.035137,9.99e-05
132,5,0.040838,0.000000,0.040838,9.99e-05
133,5,0.023718,0.000000,0.023718,9.99e-05
134,5,0.092139,0.000000,0.092139,9.99e-05
135,5,0.025245,0.000000,0.025245,9.98e-05
136,5,0.028851,0.000000,0.028851,9.98e-05
137,5,0.047940,0.000000,0.047940,9.98e-05
138,5,0.070698,0.000000,0.070698,9.98e-05
139,5,0.053260,0.000000,0.053260,9.98e-05
140,5,0.022885,0.000000,0.022885,9.98e-05
141,5,0.059584,0.000000,0.059584,9.98e-05
142,5,0.062951,0.000000,0.062951,9.98e-05
143,5,0.056822,0.000000,0.056822,9.98e-05
144,5,0.075672,0.000000,0.075672,9.98e-05
145,5,0.063796,0.000000,0.063796,9.98e-05
146,5,0.101747,0.000000,0.101747,9.97e-05
147,5,0.096492,0.000000,0.096492,9.97e-05
148,5,0.065351,0.000000,0.065351,9.97e-05
149,5,0.047405,0.000000,0.047405,9.97e-05
150,5,0.031853,0.000000,0.031853,9.97e-05
151,5,0.054480,0.000000,0.054480,9.97e-05
152,5,0.046743,0.000000,0.046743,9.97e-05
153,5,0.050863,0.000000,0.050863,9.97e-05
154,5,0.072898,0.000000,0.072898,9.96e-05
155,6,0.075363,0.000000,0.075363,9.96e-05
156,6,0.074880,0.000000,0.074880,9.96e-05
157,6,0.036949,0.000000,0.036949,9.96e-05
158,6,0.075745,0.000000,0.075745,9.96e-05
159,6,0.068982,0.000000,0.068982,9.96e-05
160,6,0.073623,0.000000,0.073623,9.96e-05
161,6,0.067194,0.000000,0.067194,9.95e-05
162,6,0.033555,0.000000,0.033555,9.95e-05
163,6,0.087601,0.000000,0.087601,9.95e-05
164,6,0.031395,0.000000,0.031395,9.95e-05
165,6,0.063770,0.000000,0.063770,9.95e-05
166,6,0.082632,0.000000,0.082632,9.95e-05
167,6,0.058379,0.000000,0.058379,9.95e-05
168,6,0.091905,0.000000,0.091905,9.94e-05
169,6,0.025497,0.000000,0.025497,9.94e-05
170,6,0.126307,0.000000,0.126307,9.94e-05
171,6,0.056589,0.000000,0.056589,9.94e-05
172,6,0.080676,0.000000,0.080676,9.94e-05
173,6,0.046132,0.000000,0.046132,9.94e-05
174,6,0.041004,0.000000,0.041004,9.93e-05
175,6,0.045508,0.000000,0.045508,9.93e-05
176,6,0.057803,0.000000,0.057803,9.93e-05
177,6,0.049870,0.000000,0.049870,9.93e-05
178,6,0.025670,0.000000,0.025670,9.93e-05
179,6,0.040489,0.000000,0.040489,9.93e-05
180,6,0.073282,0.000000,0.073282,9.92e-05
181,6,0.033900,0.000000,0.033900,9.92e-05
182,6,0.043358,0.000000,0.043358,9.92e-05
183,6,0.043608,0.000000,0.043608,9.92e-05
184,6,0.055049,0.000000,0.055049,9.92e-05
185,6,0.067870,0.000000,0.067870,9.91e-05
186,7,0.053550,0.000000,0.053550,9.91e-05
187,7,0.086941,0.000000,0.086941,9.91e-05
188,7,0.078285,0.000000,0.078285,9.91e-05
189,7,0.054143,0.000000,0.054143,9.91e-05
190,7,0.072674,0.000000,0.072674,9.90e-05
191,7,0.042017,0.000000,0.042017,9.90e-05
192,7,0.043948,0.000000,0.043948,9.90e-05
193,7,0.052726,0.000000,0.052726,9.90e-05
194,7,0.059463,0.000000,0.059463,9.89e-05
195,7,0.052597,0.000000,0.052597,9.89e-05
196,7,0.040651,0.000000,0.040651,9.89e-05
197,7,0.072494,0.000000,0.072494,9.89e-05
198,7,0.063185,0.000000,0.063185,9.89e-05
199,7,0.059328,0.000000,0.059328,9.88e-05
200,7,0.067172,0.000000,0.067172,9.88e-05
201,7,0.069756,0.000000,0.069756,9.88e-05
202,7,0.048770,0.000000,0.048770,9.88e-05
203,7,0.050166,0.000000,0.050166,9.87e-05
204,7,0.047734,0.000000,0.047734,9.87e-05
205,7,0.032584,0.000000,0.032584,9.87e-05
206,7,0.088258,0.000000,0.088258,9.87e-05
207,7,0.055111,0.000000,0.055111,9.86e-05
208,7,0.063184,0.000000,0.063184,9.86e-05
209,7,0.057727,0.000000,0.057727,9.86e-05
210,7,0.072998,0.000000,0.072998,9.86e-05
211,7,0.036412,0.000000,0.036412,9.85e-05
212,7,0.098799,0.000000,0.098799,9.85e-05
213,7,0.033957,0.000000,0.033957,9.85e-05
214,7,0.053706,0.000000,0.053706,9.85e-05
215,7,0.059873,0.000000,0.059873,9.84e-05
216,7,0.051707,0.000000,0.051707,9.84e-05
217,8,0.069787,0.000000,0.069787,9.84e-05
218,8,0.038716,0.000000,0.038716,9.83e-05
219,8,0.068813,0.000000,0.068813,9.83e-05
220,8,0.072058,0.000000,0.072058,9.83e-05
221,8,0.039315,0.000000,0.039315,9.83e-05
222,8,0.082711,0.000000,0.082711,9.82e-05
223,8,0.045858,0.000000,0.045858,9.82e-05
224,8,0.040139,0.000000,0.040139,9.82e-05
225,8,0.045478,0.000000,0.045478,9.81e-05
226,8,0.062223,0.000000,0.062223,9.81e-05
227,8,0.039967,0.000000,0.039967,9.81e-05
228,8,0.028861,0.000000,0.028861,9.81e-05
229,8,0.073116,0.000000,0.073116,9.80e-05
230,8,0.025230,0.000000,0.025230,9.80e-05
231,8,0.073621,0.000000,0.073621,9.80e-05
232,8,0.039302,0.000000,0.039302,9.79e-05
233,8,0.061499,0.000000,0.061499,9.79e-05
234,8,0.061428,0.000000,0.061428,9.79e-05
235,8,0.029790,0.000000,0.029790,9.78e-05
236,8,0.072913,0.000000,0.072913,9.78e-05
237,8,0.064728,0.000000,0.064728,9.78e-05
238,8,0.037304,0.000000,0.037304,9.77e-05
239,8,0.068351,0.000000,0.068351,9.77e-05
240,8,0.059856,0.000000,0.059856,9.77e-05
241,8,0.101671,0.000000,0.101671,9.77e-05
242,8,0.047403,0.000000,0.047403,9.76e-05
243,8,0.054374,0.000000,0.054374,9.76e-05
244,8,0.033080,0.000000,0.033080,9.76e-05
245,8,0.047231,0.000000,0.047231,9.75e-05
246,8,0.088854,0.000000,0.088854,9.75e-05
247,8,0.046878,0.000000,0.046878,9.75e-05
248,9,0.051693,0.000000,0.051693,9.74e-05
249,9,0.054890,0.000000,0.054890,9.74e-05
250,9,0.056048,0.000000,0.056048,9.73e-05
251,9,0.044192,0.000000,0.044192,9.73e-05
252,9,0.043652,0.000000,0.043652,9.73e-05
253,9,0.029516,0.000000,0.029516,9.72e-05
254,9,0.086141,0.000000,0.086141,9.72e-05
255,9,0.091490,0.000000,0.091490,9.72e-05
256,9,0.050486,0.000000,0.050486,9.71e-05
257,9,0.052558,0.000000,0.052558,9.71e-05
258,9,0.045285,0.000000,0.045285,9.71e-05
259,9,0.064718,0.000000,0.064718,9.70e-05
260,9,0.058417,0.000000,0.058417,9.70e-05
261,9,0.050990,0.000000,0.050990,9.70e-05
262,9,0.036294,0.000000,0.036294,9.69e-05
263,9,0.053481,0.000000,0.053481,9.69e-05
264,9,0.054723,0.000000,0.054723,9.68e-05
265,9,0.121584,0.000000,0.121584,9.68e-05
266,9,0.062157,0.000000,0.062157,9.68e-05
267,9,0.024269,0.000000,0.024269,9.67e-05
268,9,0.053416,0.000000,0.053416,9.67e-05
269,9,0.044877,0.000000,0.044877,9.66e-05
270,9,0.088530,0.000000,0.088530,9.66e-05
271,9,0.048725,0.000000,0.048725,9.66e-05
272,9,0.073961,0.000000,0.073961,9.65e-05
273,9,0.054210,0.000000,0.054210,9.65e-05
274,9,0.045782,0.000000,0.045782,9.64e-05
275,9,0.040461,0.000000,0.040461,9.64e-05
276,9,0.052522,0.000000,0.052522,9.64e-05
277,9,0.106782,0.000000,0.106782,9.63e-05
278,9,0.057928,0.000000,0.057928,9.63e-05
279,10,0.039096,0.000000,0.039096,9.62e-05
280,10,0.078686,0.000000,0.078686,9.62e-05
281,10,0.083744,0.000000,0.083744,9.62e-05
282,10,0.062785,0.000000,0.062785,9.61e-05
283,10,0.088321,0.000000,0.088321,9.61e-05
284,10,0.052340,0.000000,0.052340,9.60e-05
285,10,0.063843,0.000000,0.063843,9.60e-05
286,10,0.051099,0.000000,0.051099,9.60e-05
287,10,0.022352,0.000000,0.022352,9.59e-05
288,10,0.023634,0.000000,0.023634,9.59e-05
289,10,0.085836,0.000000,0.085836,9.58e-05
290,10,0.097338,0.000000,0.097338,9.58e-05
291,10,0.038918,0.000000,0.038918,9.57e-05
292,10,0.050738,0.000000,0.050738,9.57e-05
293,10,0.069729,0.000000,0.069729,9.56e-05
294,10,0.031357,0.000000,0.031357,9.56e-05
295,10,0.057627,0.000000,0.057627,9.56e-05
296,10,0.052668,0.000000,0.052668,9.55e-05
297,10,0.061872,0.000000,0.061872,9.55e-05
298,10,0.040706,0.000000,0.040706,9.54e-05
299,10,0.055718,0.000000,0.055718,9.54e-05
300,10,0.050972,0.000000,0.050972,9.53e-05
301,10,0.074877,0.000000,0.074877,9.53e-05
302,10,0.050210,0.000000,0.050210,9.52e-05
303,10,0.053341,0.000000,0.053341,9.52e-05
304,10,0.021244,0.000000,0.021244,9.51e-05
305,10,0.055805,0.000000,0.055805,9.51e-05
306,10,0.049578,0.000000,0.049578,9.51e-05
307,10,0.065623,0.000000,0.065623,9.50e-05
308,10,0.081332,0.000000,0.081332,9.50e-05
309,10,0.028149,0.000000,0.028149,9.49e-05
310,11,0.050883,0.000000,0.050883,9.49e-05
311,11,0.031249,0.000000,0.031249,9.48e-05
312,11,0.037006,0.000000,0.037006,9.48e-05
313,11,0.046537,0.000000,0.046537,9.47e-05
314,11,0.055146,0.000000,0.055146,9.47e-05
315,11,0.020370,0.000000,0.020370,9.46e-05
316,11,0.034053,0.000000,0.034053,9.46e-05
317,11,0.050310,0.000000,0.050310,9.45e-05
318,11,0.078131,0.000000,0.078131,9.45e-05
319,11,0.027448,0.000000,0.027448,9.44e-05
320,11,0.025611,0.000000,0.025611,9.44e-05
321,11,0.082404,0.000000,0.082404,9.43e-05
322,11,0.025732,0.000000,0.025732,9.43e-05
323,11,0.057020,0.000000,0.057020,9.42e-05
324,11,0.056849,0.000000,0.056849,9.42e-05
325,11,0.039499,0.000000,0.039499,9.41e-05
326,11,0.030694,0.000000,0.030694,9.41e-05
327,11,0.059089,0.000000,0.059089,9.40e-05
328,11,0.087107,0.000000,0.087107,9.40e-05
329,11,0.060771,0.000000,0.060771,9.39e-05
330,11,0.056227,0.000000,0.056227,9.39e-05
331,11,0.086099,0.000000,0.086099,9.38e-05
332,11,0.075436,0.000000,0.075436,9.38e-05
333,11,0.048812,0.000000,0.048812,9.37e-05
334,11,0.033704,0.000000,0.033704,9.37e-05
335,11,0.026126,0.000000,0.026126,9.36e-05
336,11,0.105924,0.000000,0.105924,9.36e-05
337,11,0.046040,0.000000,0.046040,9.35e-05
338,11,0.054325,0.000000,0.054325,9.34e-05
339,11,0.086926,0.000000,0.086926,9.34e-05
340,11,0.093638,0.000000,0.093638,9.33e-05
341,12,0.082730,0.000000,0.082730,9.33e-05
342,12,0.092080,0.000000,0.092080,9.32e-05
343,12,0.087639,0.000000,0.087639,9.32e-05
344,12,0.055133,0.000000,0.055133,9.31e-05
345,12,0.055511,0.000000,0.055511,9.31e-05
346,12,0.077530,0.000000,0.077530,9.30e-05
347,12,0.032780,0.000000,0.032780,9.30e-05
348,12,0.070354,0.000000,0.070354,9.29e-05
349,12,0.037323,0.000000,0.037323,9.28e-05
350,12,0.045409,0.000000,0.045409,9.28e-05
351,12,0.033115,0.000000,0.033115,9.27e-05
352,12,0.059534,0.000000,0.059534,9.27e-05
353,12,0.058991,0.000000,0.058991,9.26e-05
354,12,0.052983,0.000000,0.052983,9.26e-05
355,12,0.039104,0.000000,0.039104,9.25e-05
356,12,0.039455,0.000000,0.039455,9.24e-05
357,12,0.051745,0.000000,0.051745,9.24e-05
358,12,0.039939,0.000000,0.039939,9.23e-05
359,12,0.058225,0.000000,0.058225,9.23e-05
360,12,0.058839,0.000000,0.058839,9.22e-05
361,12,0.078960,0.000000,0.078960,9.22e-05
362,12,0.046460,0.000000,0.046460,9.21e-05
363,12,0.024554,0.000000,0.024554,9.20e-05
364,12,0.048448,0.000000,0.048448,9.20e-05
365,12,0.039803,0.000000,0.039803,9.19e-05
366,12,0.092406,0.000000,0.092406,9.19e-05
367,12,0.025503,0.000000,0.025503,9.18e-05
368,12,0.059145,0.000000,0.059145,9.17e-05
369,12,0.059739,0.000000,0.059739,9.17e-05
370,12,0.055739,0.000000,0.055739,9.16e-05
371,12,0.052329,0.000000,0.052329,9.16e-05
372,13,0.046666,0.000000,0.046666,9.15e-05
373,13,0.040308,0.000000,0.040308,9.14e-05
374,13,0.037998,0.000000,0.037998,9.14e-05
375,13,0.091802,0.000000,0.091802,9.13e-05
376,13,0.046279,0.000000,0.046279,9.13e-05
377,13,0.062607,0.000000,0.062607,9.12e-05
378,13,0.059042,0.000000,0.059042,9.11e-05
379,13,0.036049,0.000000,0.036049,9.11e-05
380,13,0.028964,0.000000,0.028964,9.10e-05
381,13,0.043649,0.000000,0.043649,9.10e-05
382,13,0.043451,0.000000,0.043451,9.09e-05
383,13,0.043042,0.000000,0.043042,9.08e-05
384,13,0.016984,0.000000,0.016984,9.08e-05
385,13,0.104228,0.000000,0.104228,9.07e-05
386,13,0.048635,0.000000,0.048635,9.06e-05
387,13,0.104193,0.000000,0.104193,9.06e-05
388,13,0.040352,0.000000,0.040352,9.05e-05
389,13,0.048425,0.000000,0.048425,9.05e-05
390,13,0.043821,0.000000,0.043821,9.04e-05
391,13,0.047341,0.000000,0.047341,9.03e-05
392,13,0.046628,0.000000,0.046628,9.03e-05
393,13,0.041898,0.000000,0.041898,9.02e-05
394,13,0.053044,0.000000,0.053044,9.01e-05
395,13,0.061663,0.000000,0.061663,9.01e-05
396,13,0.016750,0.000000,0.016750,9.00e-05
397,13,0.051531,0.000000,0.051531,8.99e-05
398,13,0.045527,0.000000,0.045527,8.99e-05
399,13,0.031783,0.000000,0.031783,8.98e-05
400,13,0.066772,0.000000,0.066772,8.97e-05
401,13,0.052987,0.000000,0.052987,8.97e-05
402,13,0.051361,0.000000,0.051361,8.96e-05
403,14,0.071861,0.000000,0.071861,8.95e-05
404,14,0.028043,0.000000,0.028043,8.95e-05
405,14,0.093964,0.000000,0.093964,8.94e-05
406,14,0.047425,0.000000,0.047425,8.93e-05
407,14,0.026218,0.000000,0.026218,8.93e-05
408,14,0.033975,0.000000,0.033975,8.92e-05
409,14,0.033115,0.000000,0.033115,8.91e-05
410,14,0.063024,0.000000,0.063024,8.91e-05
411,14,0.069448,0.000000,0.069448,8.90e-05
412,14,0.064870,0.000000,0.064870,8.89e-05
413,14,0.096987,0.000000,0.096987,8.89e-05
414,14,0.043702,0.000000,0.043702,8.88e-05
415,14,0.077203,0.000000,0.077203,8.87e-05
416,14,0.067761,0.000000,0.067761,8.87e-05
417,14,0.051882,0.000000,0.051882,8.86e-05
418,14,0.043699,0.000000,0.043699,8.85e-05
419,14,0.031867,0.000000,0.031867,8.85e-05
420,14,0.130288,0.000000,0.130288,8.84e-05
421,14,0.046556,0.000000,0.046556,8.83e-05
422,14,0.048928,0.000000,0.048928,8.82e-05
423,14,0.063507,0.000000,0.063507,8.82e-05
424,14,0.046112,0.000000,0.046112,8.81e-05
425,14,0.050095,0.000000,0.050095,8.80e-05
426,14,0.100758,0.000000,0.100758,8.80e-05
427,14,0.052974,0.000000,0.052974,8.79e-05
428,14,0.041341,0.000000,0.041341,8.78e-05
429,14,0.068036,0.000000,0.068036,8.78e-05
430,14,0.049609,0.000000,0.049609,8.77e-05
431,14,0.108478,0.000000,0.108478,8.76e-05
432,14,0.043314,0.000000,0.043314,8.75e-05
433,14,0.020133,0.000000,0.020133,8.75e-05
434,15,0.044574,0.000000,0.044574,8.74e-05
435,15,0.073923,0.000000,0.073923,8.73e-05
436,15,0.039720,0.000000,0.039720,8.73e-05
437,15,0.046317,0.000000,0.046317,8.72e-05
438,15,0.057174,0.000000,0.057174,8.71e-05
439,15,0.059683,0.000000,0.059683,8.70e-05
440,15,0.052816,0.000000,0.052816,8.70e-05
441,15,0.024853,0.000000,0.024853,8.69e-05
442,15,0.043034,0.000000,0.043034,8.68e-05
443,15,0.059649,0.000000,0.059649,8.67e-05
444,15,0.067512,0.000000,0.067512,8.67e-05
445,15,0.040295,0.000000,0.040295,8.66e-05
446,15,0.084805,0.000000,0.084805,8.65e-05
447,15,0.028518,0.000000,0.028518,8.64e-05
448,15,0.093712,0.000000,0.093712,8.64e-05
449,15,0.065603,0.000000,0.065603,8.63e-05
450,15,0.063336,0.000000,0.063336,8.62e-05
451,15,0.052585,0.000000,0.052585,8.62e-05
452,15,0.040217,0.000000,0.040217,8.61e-05
453,15,0.052906,0.000000,0.052906,8.60e-05
454,15,0.071131,0.000000,0.071131,8.59e-05
455,15,0.028782,0.000000,0.028782,8.58e-05
456,15,0.029519,0.000000,0.029519,8.58e-05
457,15,0.041967,0.000000,0.041967,8.57e-05
458,15,0.039322,0.000000,0.039322,8.56e-05
459,15,0.043245,0.000000,0.043245,8.55e-05
460,15,0.074430,0.000000,0.074430,8.55e-05
461,15,0.035085,0.000000,0.035085,8.54e-05
462,15,0.030625,0.000000,0.030625,8.53e-05
463,15,0.048337,0.000000,0.048337,8.52e-05
464,15,0.043700,0.000000,0.043700,8.52e-05
465,16,0.046314,0.000000,0.046314,8.51e-05
466,16,0.084441,0.000000,0.084441,8.50e-05
467,16,0.052125,0.000000,0.052125,8.49e-05
468,16,0.037319,0.000000,0.037319,8.49e-05
469,16,0.077655,0.000000,0.077655,8.48e-05
470,16,0.068856,0.000000,0.068856,8.47e-05
471,16,0.034656,0.000000,0.034656,8.46e-05
472,16,0.032835,0.000000,0.032835,8.45e-05
473,16,0.057614,0.000000,0.057614,8.45e-05
474,16,0.034825,0.000000,0.034825,8.44e-05
475,16,0.052455,0.000000,0.052455,8.43e-05
476,16,0.045998,0.000000,0.045998,8.42e-05
477,16,0.021021,0.000000,0.021021,8.41e-05
478,16,0.080889,0.000000,0.080889,8.41e-05
479,16,0.098281,0.000000,0.098281,8.40e-05
480,16,0.054424,0.000000,0.054424,8.39e-05
481,16,0.038824,0.000000,0.038824,8.38e-05
482,16,0.026466,0.000000,0.026466,8.38e-05
483,16,0.072752,0.000000,0.072752,8.37e-05
484,16,0.098101,0.000000,0.098101,8.36e-05
485,16,0.053961,0.000000,0.053961,8.35e-05
486,16,0.038930,0.000000,0.038930,8.34e-05
487,16,0.053469,0.000000,0.053469,8.33e-05
488,16,0.074930,0.000000,0.074930,8.33e-05
489,16,0.043494,0.000000,0.043494,8.32e-05
490,16,0.049386,0.000000,0.049386,8.31e-05
491,16,0.025904,0.000000,0.025904,8.30e-05
492,16,0.069642,0.000000,0.069642,8.29e-05
493,16,0.066880,0.000000,0.066880,8.29e-05
494,16,0.050720,0.000000,0.050720,8.28e-05
495,16,0.069874,0.000000,0.069874,8.27e-05
496,17,0.057861,0.000000,0.057861,8.26e-05
497,17,0.034156,0.000000,0.034156,8.25e-05
498,17,0.059538,0.000000,0.059538,8.25e-05
499,17,0.055526,0.000000,0.055526,8.24e-05
500,17,0.040247,0.000000,0.040247,8.23e-05
501,17,0.031023,0.000000,0.031023,8.22e-05
502,17,0.083738,0.000000,0.083738,8.21e-05
503,17,0.023524,0.000000,0.023524,8.20e-05
504,17,0.057322,0.000000,0.057322,8.20e-05
505,17,0.057120,0.000000,0.057120,8.19e-05
506,17,0.063826,0.000000,0.063826,8.18e-05
507,17,0.064155,0.000000,0.064155,8.17e-05
508,17,0.102034,0.000000,0.102034,8.16e-05
509,17,0.039138,0.000000,0.039138,8.15e-05
510,17,0.036671,0.000000,0.036671,8.15e-05
511,17,0.040647,0.000000,0.040647,8.14e-05
512,17,0.030367,0.000000,0.030367,8.13e-05
513,17,0.040722,0.000000,0.040722,8.12e-05
514,17,0.038853,0.000000,0.038853,8.11e-05
515,17,0.090401,0.000000,0.090401,8.10e-05
516,17,0.029912,0.000000,0.029912,8.09e-05
517,17,0.041383,0.000000,0.041383,8.09e-05
518,17,0.038794,0.000000,0.038794,8.08e-05
519,17,0.027760,0.000000,0.027760,8.07e-05
520,17,0.088660,0.000000,0.088660,8.06e-05
521,17,0.029001,0.000000,0.029001,8.05e-05
522,17,0.049437,0.000000,0.049437,8.04e-05
523,17,0.059008,0.000000,0.059008,8.03e-05
524,17,0.074494,0.000000,0.074494,8.03e-05
525,17,0.015379,0.000000,0.015379,8.02e-05
526,17,0.082718,0.000000,0.082718,8.01e-05
527,18,0.052244,0.000000,0.052244,8.00e-05
528,18,0.054564,0.000000,0.054564,7.99e-05
529,18,0.057978,0.000000,0.057978,7.98e-05
530,18,0.068280,0.000000,0.068280,7.97e-05
531,18,0.058540,0.000000,0.058540,7.97e-05
532,18,0.040043,0.000000,0.040043,7.96e-05
533,18,0.055774,0.000000,0.055774,7.95e-05
534,18,0.048279,0.000000,0.048279,7.94e-05
535,18,0.037322,0.000000,0.037322,7.93e-05
536,18,0.038314,0.000000,0.038314,7.92e-05
537,18,0.016446,0.000000,0.016446,7.91e-05
538,18,0.050710,0.000000,0.050710,7.90e-05
539,18,0.046506,0.000000,0.046506,7.89e-05
540,18,0.056285,0.000000,0.056285,7.89e-05
541,18,0.033531,0.000000,0.033531,7.88e-05
542,18,0.042552,0.000000,0.042552,7.87e-05
543,18,0.052561,0.000000,0.052561,7.86e-05
544,18,0.047035,0.000000,0.047035,7.85e-05
545,18,0.059656,0.000000,0.059656,7.84e-05
546,18,0.126076,0.000000,0.126076,7.83e-05
547,18,0.041527,0.000000,0.041527,7.82e-05
548,18,0.094459,0.000000,0.094459,7.81e-05
549,18,0.080402,0.000000,0.080402,7.81e-05
550,18,0.068642,0.000000,0.068642,7.80e-05
551,18,0.069644,0.000000,0.069644,7.79e-05
552,18,0.074325,0.000000,0.074325,7.78e-05
553,18,0.115340,0.000000,0.115340,7.77e-05
554,18,0.066346,0.000000,0.066346,7.76e-05
555,18,0.046253,0.000000,0.046253,7.75e-05
556,18,0.055763,0.000000,0.055763,7.74e-05
557,18,0.027529,0.000000,0.027529,7.73e-05
558,19,0.041317,0.000000,0.041317,7.72e-05
559,19,0.039874,0.000000,0.039874,7.72e-05
560,19,0.028617,0.000000,0.028617,7.71e-05
561,19,0.081679,0.000000,0.081679,7.70e-05
562,19,0.042991,0.000000,0.042991,7.69e-05
563,19,0.063289,0.000000,0.063289,7.68e-05
564,19,0.042251,0.000000,0.042251,7.67e-05
565,19,0.076538,0.000000,0.076538,7.66e-05
566,19,0.069085,0.000000,0.069085,7.65e-05
567,19,0.063565,0.000000,0.063565,7.64e-05
568,19,0.063444,0.000000,0.063444,7.63e-05
569,19,0.034175,0.000000,0.034175,7.62e-05
570,19,0.040056,0.000000,0.040056,7.61e-05
571,19,0.073116,0.000000,0.073116,7.61e-05
572,19,0.045953,0.000000,0.045953,7.60e-05
573,19,0.037559,0.000000,0.037559,7.59e-05
574,19,0.058855,0.000000,0.058855,7.58e-05
575,19,0.090165,0.000000,0.090165,7.57e-05
576,19,0.065405,0.000000,0.065405,7.56e-05
577,19,0.037532,0.000000,0.037532,7.55e-05
578,19,0.082249,0.000000,0.082249,7.54e-05
579,19,0.047121,0.000000,0.047121,7.53e-05
580,19,0.125183,0.000000,0.125183,7.52e-05
581,19,0.067127,0.000000,0.067127,7.51e-05
582,19,0.046392,0.000000,0.046392,7.50e-05
583,19,0.076057,0.000000,0.076057,7.49e-05
584,19,0.045822,0.000000,0.045822,7.48e-05
585,19,0.069923,0.000000,0.069923,7.47e-05
586,19,0.042901,0.000000,0.042901,7.47e-05
587,19,0.062927,0.000000,0.062927,7.46e-05
588,19,0.032662,0.000000,0.032662,7.45e-05
589,20,0.050173,0.000000,0.050173,7.44e-05
590,20,0.080862,0.000000,0.080862,7.43e-05
591,20,0.052052,0.000000,0.052052,7.42e-05
592,20,0.051188,0.000000,0.051188,7.41e-05
593,20,0.044993,0.000000,0.044993,7.40e-05
594,20,0.082712,0.000000,0.082712,7.39e-05
595,20,0.058493,0.000000,0.058493,7.38e-05
596,20,0.063538,0.000000,0.063538,7.37e-05
597,20,0.026570,0.000000,0.026570,7.36e-05
598,20,0.037428,0.000000,0.037428,7.35e-05
599,20,0.048406,0.000000,0.048406,7.34e-05
600,20,0.043768,0.000000,0.043768,7.33e-05
601,20,0.074186,0.000000,0.074186,7.32e-05
602,20,0.053516,0.000000,0.053516,7.31e-05
603,20,0.047529,0.000000,0.047529,7.30e-05
604,20,0.056776,0.000000,0.056776,7.29e-05
605,20,0.089820,0.000000,0.089820,7.28e-05
606,20,0.092616,0.000000,0.092616,7.27e-05
607,20,0.040189,0.000000,0.040189,7.27e-05
608,20,0.083475,0.000000,0.083475,7.26e-05
609,20,0.033438,0.000000,0.033438,7.25e-05
610,20,0.064224,0.000000,0.064224,7.24e-05
611,20,0.062771,0.000000,0.062771,7.23e-05
612,20,0.059598,0.000000,0.059598,7.22e-05
613,20,0.078282,0.000000,0.078282,7.21e-05
614,20,0.034243,0.000000,0.034243,7.20e-05
615,20,0.049456,0.000000,0.049456,7.19e-05
616,20,0.038075,0.000000,0.038075,7.18e-05
617,20,0.051899,0.000000,0.051899,7.17e-05
618,20,0.036610,0.000000,0.036610,7.16e-05
619,20,0.053670,0.000000,0.053670,7.15e-05
620,21,0.045653,0.000000,0.045653,7.14e-05
621,21,0.069218,0.000000,0.069218,7.13e-05
622,21,0.067205,0.000000,0.067205,7.12e-05
623,21,0.058222,0.000000,0.058222,7.11e-05
624,21,0.037421,0.000000,0.037421,7.10e-05
625,21,0.051500,0.000000,0.051500,7.09e-05
626,21,0.046295,0.000000,0.046295,7.08e-05
627,21,0.106516,0.000000,0.106516,7.07e-05
628,21,0.079406,0.000000,0.079406,7.06e-05
629,21,0.075888,0.000000,0.075888,7.05e-05
630,21,0.047226,0.000000,0.047226,7.04e-05
631,21,0.047565,0.000000,0.047565,7.03e-05
632,21,0.074306,0.000000,0.074306,7.02e-05
633,21,0.052386,0.000000,0.052386,7.01e-05
634,21,0.057742,0.000000,0.057742,7.00e-05
635,21,0.047609,0.000000,0.047609,6.99e-05
636,21,0.046225,0.000000,0.046225,6.98e-05
637,21,0.078097,0.000000,0.078097,6.97e-05
638,21,0.050894,0.000000,0.050894,6.96e-05
639,21,0.057791,0.000000,0.057791,6.95e-05
640,21,0.094988,0.000000,0.094988,6.94e-05
641,21,0.050280,0.000000,0.050280,6.93e-05
642,21,0.032923,0.000000,0.032923,6.92e-05
643,21,0.031855,0.000000,0.031855,6.91e-05
644,21,0.109890,0.000000,0.109890,6.90e-05
645,21,0.033369,0.000000,0.033369,6.89e-05
646,21,0.103890,0.000000,0.103890,6.88e-05
647,21,0.040327,0.000000,0.040327,6.87e-05
648,21,0.037291,0.000000,0.037291,6.86e-05
649,21,0.042933,0.000000,0.042933,6.85e-05
650,21,0.101039,0.000000,0.101039,6.84e-05
651,22,0.069902,0.000000,0.069902,6.83e-05
652,22,0.036094,0.000000,0.036094,6.82e-05
653,22,0.051130,0.000000,0.051130,6.81e-05
654,22,0.044379,0.000000,0.044379,6.80e-05
655,22,0.131268,0.000000,0.131268,6.79e-05
656,22,0.050628,0.000000,0.050628,6.78e-05
657,22,0.042749,0.000000,0.042749,6.77e-05
658,22,0.058644,0.000000,0.058644,6.76e-05
659,22,0.052730,0.000000,0.052730,6.75e-05
660,22,0.076957,0.000000,0.076957,6.74e-05
661,22,0.053239,0.000000,0.053239,6.73e-05
662,22,0.037334,0.000000,0.037334,6.72e-05
663,22,0.045892,0.000000,0.045892,6.71e-05
664,22,0.048120,0.000000,0.048120,6.70e-05
665,22,0.035038,0.000000,0.035038,6.69e-05
666,22,0.088941,0.000000,0.088941,6.68e-05
667,22,0.055589,0.000000,0.055589,6.67e-05
668,22,0.040263,0.000000,0.040263,6.66e-05
669,22,0.040454,0.000000,0.040454,6.65e-05
670,22,0.079222,0.000000,0.079222,6.64e-05
671,22,0.095507,0.000000,0.095507,6.63e-05
672,22,0.052802,0.000000,0.052802,6.62e-05
673,22,0.067467,0.000000,0.067467,6.61e-05
674,22,0.073561,0.000000,0.073561,6.60e-05
675,22,0.052238,0.000000,0.052238,6.59e-05
676,22,0.056684,0.000000,0.056684,6.58e-05
677,22,0.056035,0.000000,0.056035,6.57e-05
678,22,0.075735,0.000000,0.075735,6.56e-05
679,22,0.057599,0.000000,0.057599,6.55e-05
680,22,0.043757,0.000000,0.043757,6.53e-05
681,22,0.064078,0.000000,0.064078,6.52e-05
682,23,0.068813,0.000000,0.068813,6.51e-05
683,23,0.089538,0.000000,0.089538,6.50e-05
684,23,0.089770,0.000000,0.089770,6.49e-05
685,23,0.021294,0.000000,0.021294,6.48e-05
686,23,0.097831,0.000000,0.097831,6.47e-05
687,23,0.053846,0.000000,0.053846,6.46e-05
688,23,0.045841,0.000000,0.045841,6.45e-05
689,23,0.069378,0.000000,0.069378,6.44e-05
690,23,0.056404,0.000000,0.056404,6.43e-05
691,23,0.097019,0.000000,0.097019,6.42e-05
692,23,0.042621,0.000000,0.042621,6.41e-05
693,23,0.064616,0.000000,0.064616,6.40e-05
694,23,0.049756,0.000000,0.049756,6.39e-05
695,23,0.059717,0.000000,0.059717,6.38e-05
696,23,0.085982,0.000000,0.085982,6.37e-05
697,23,0.044297,0.000000,0.044297,6.36e-05
698,23,0.025865,0.000000,0.025865,6.35e-05
699,23,0.084589,0.000000,0.084589,6.34e-05
700,23,0.026500,0.000000,0.026500,6.33e-05
701,23,0.065665,0.000000,0.065665,6.32e-05
702,23,0.034463,0.000000,0.034463,6.31e-05
703,23,0.070441,0.000000,0.070441,6.30e-05
704,23,0.056935,0.000000,0.056935,6.29e-05
705,23,0.039644,0.000000,0.039644,6.27e-05
706,23,0.074561,0.000000,0.074561,6.26e-05
707,23,0.070261,0.000000,0.070261,6.25e-05
708,23,0.038433,0.000000,0.038433,6.24e-05
709,23,0.061475,0.000000,0.061475,6.23e-05
710,23,0.059019,0.000000,0.059019,6.22e-05
711,23,0.101698,0.000000,0.101698,6.21e-05
712,23,0.075489,0.000000,0.075489,6.20e-05
713,24,0.052643,0.000000,0.052643,6.19e-05
714,24,0.043150,0.000000,0.043150,6.18e-05
715,24,0.054707,0.000000,0.054707,6.17e-05
716,24,0.050717,0.000000,0.050717,6.16e-05
717,24,0.035475,0.000000,0.035475,6.15e-05
718,24,0.056588,0.000000,0.056588,6.14e-05
719,24,0.041846,0.000000,0.041846,6.13e-05
720,24,0.061636,0.000000,0.061636,6.12e-05
721,24,0.043449,0.000000,0.043449,6.11e-05
722,24,0.061478,0.000000,0.061478,6.10e-05
723,24,0.064145,0.000000,0.064145,6.09e-05
724,24,0.050068,0.000000,0.050068,6.07e-05
725,24,0.076664,0.000000,0.076664,6.06e-05
726,24,0.029609,0.000000,0.029609,6.05e-05
727,24,0.037283,0.000000,0.037283,6.04e-05
728,24,0.048072,0.000000,0.048072,6.03e-05
729,24,0.063707,0.000000,0.063707,6.02e-05
730,24,0.099903,0.000000,0.099903,6.01e-05
731,24,0.038861,0.000000,0.038861,6.00e-05
732,24,0.061540,0.000000,0.061540,5.99e-05
733,24,0.035863,0.000000,0.035863,5.98e-05
734,24,0.065159,0.000000,0.065159,5.97e-05
735,24,0.030621,0.000000,0.030621,5.96e-05
736,24,0.040497,0.000000,0.040497,5.95e-05
737,24,0.067917,0.000000,0.067917,5.94e-05
738,24,0.044797,0.000000,0.044797,5.93e-05
739,24,0.016762,0.000000,0.016762,5.92e-05
740,24,0.033474,0.000000,0.033474,5.90e-05
741,24,0.055706,0.000000,0.055706,5.89e-05
742,24,0.088033,0.000000,0.088033,5.88e-05
743,24,0.036781,0.000000,0.036781,5.87e-05
744,25,0.034193,0.000000,0.034193,5.86e-05
745,25,0.058611,0.000000,0.058611,5.85e-05
746,25,0.047650,0.000000,0.047650,5.84e-05
747,25,0.044272,0.000000,0.044272,5.83e-05
748,25,0.060951,0.000000,0.060951,5.82e-05
749,25,0.035245,0.000000,0.035245,5.81e-05
750,25,0.050876,0.000000,0.050876,5.80e-05
751,25,0.035879,0.000000,0.035879,5.79e-05
752,25,0.052777,0.000000,0.052777,5.78e-05
753,25,0.043840,0.000000,0.043840,5.77e-05
754,25,0.047571,0.000000,0.047571,5.76e-05
755,25,0.080459,0.000000,0.080459,5.74e-05
756,25,0.039945,0.000000,0.039945,5.73e-05
757,25,0.071547,0.000000,0.071547,5.72e-05
758,25,0.076754,0.000000,0.076754,5.71e-05
759,25,0.052398,0.000000,0.052398,5.70e-05
760,25,0.026691,0.000000,0.026691,5.69e-05
761,25,0.057732,0.000000,0.057732,5.68e-05
762,25,0.037494,0.000000,0.037494,5.67e-05
763,25,0.070863,0.000000,0.070863,5.66e-05
764,25,0.063498,0.000000,0.063498,5.65e-05
765,25,0.034489,0.000000,0.034489,5.64e-05
766,25,0.073519,0.000000,0.073519,5.63e-05
767,25,0.057950,0.000000,0.057950,5.62e-05
768,25,0.056416,0.000000,0.056416,5.61e-05
769,25,0.058287,0.000000,0.058287,5.59e-05
770,25,0.057006,0.000000,0.057006,5.58e-05
771,25,0.031527,0.000000,0.031527,5.57e-05
772,25,0.073660,0.000000,0.073660,5.56e-05
773,25,0.083044,0.000000,0.083044,5.55e-05
774,25,0.058296,0.000000,0.058296,5.54e-05
775,26,0.032260,0.000000,0.032260,5.53e-05
776,26,0.052029,0.000000,0.052029,5.52e-05
777,26,0.024529,0.000000,0.024529,5.51e-05
778,26,0.039784,0.000000,0.039784,5.50e-05
779,26,0.063620,0.000000,0.063620,5.49e-05
780,26,0.047954,0.000000,0.047954,5.48e-05
781,26,0.059666,0.000000,0.059666,5.47e-05
782,26,0.068329,0.000000,0.068329,5.45e-05
783,26,0.041058,0.000000,0.041058,5.44e-05
784,26,0.046753,0.000000,0.046753,5.43e-05
785,26,0.033307,0.000000,0.033307,5.42e-05
786,26,0.133975,0.000000,0.133975,5.41e-05
787,26,0.041451,0.000000,0.041451,5.40e-05
788,26,0.039131,0.000000,0.039131,5.39e-05
789,26,0.091212,0.000000,0.091212,5.38e-05
790,26,0.036227,0.000000,0.036227,5.37e-05
791,26,0.036523,0.000000,0.036523,5.36e-05
792,26,0.068914,0.000000,0.068914,5.35e-05
793,26,0.053918,0.000000,0.053918,5.34e-05
794,26,0.023319,0.000000,0.023319,5.32e-05
795,26,0.083140,0.000000,0.083140,5.31e-05
796,26,0.042070,0.000000,0.042070,5.30e-05
797,26,0.037929,0.000000,0.037929,5.29e-05
798,26,0.079945,0.000000,0.079945,5.28e-05
799,26,0.030553,0.000000,0.030553,5.27e-05
800,26,0.027240,0.000000,0.027240,5.26e-05
801,26,0.054998,0.000000,0.054998,5.25e-05
802,26,0.028920,0.000000,0.028920,5.24e-05
803,26,0.049330,0.000000,0.049330,5.23e-05
804,26,0.128272,0.000000,0.128272,5.22e-05
805,26,0.073614,0.000000,0.073614,5.21e-05
806,27,0.047114,0.000000,0.047114,5.19e-05
807,27,0.072619,0.000000,0.072619,5.18e-05
808,27,0.037425,0.000000,0.037425,5.17e-05
809,27,0.043032,0.000000,0.043032,5.16e-05
810,27,0.044010,0.000000,0.044010,5.15e-05
811,27,0.050136,0.000000,0.050136,5.14e-05
812,27,0.038020,0.000000,0.038020,5.13e-05
813,27,0.054990,0.000000,0.054990,5.12e-05
814,27,0.044751,0.000000,0.044751,5.11e-05
815,27,0.040545,0.000000,0.040545,5.10e-05
816,27,0.029121,0.000000,0.029121,5.09e-05
817,27,0.050263,0.000000,0.050263,5.08e-05
818,27,0.064579,0.000000,0.064579,5.06e-05
819,27,0.054786,0.000000,0.054786,5.05e-05
820,27,0.050626,0.000000,0.050626,5.04e-05
821,27,0.071250,0.000000,0.071250,5.03e-05
822,27,0.078653,0.000000,0.078653,5.02e-05
823,27,0.061554,0.000000,0.061554,5.01e-05
824,27,0.022723,0.000000,0.022723,5.00e-05
825,27,0.053444,0.000000,0.053444,4.99e-05
826,27,0.064419,0.000000,0.064419,4.98e-05
827,27,0.061540,0.000000,0.061540,4.97e-05
828,27,0.032097,0.000000,0.032097,4.96e-05
829,27,0.043889,0.000000,0.043889,4.95e-05
830,27,0.028613,0.000000,0.028613,4.94e-05
831,27,0.037901,0.000000,0.037901,4.92e-05
832,27,0.039754,0.000000,0.039754,4.91e-05
833,27,0.065496,0.000000,0.065496,4.90e-05
834,27,0.043747,0.000000,0.043747,4.89e-05
835,27,0.051842,0.000000,0.051842,4.88e-05
836,27,0.045662,0.000000,0.045662,4.87e-05
837,28,0.028282,0.000000,0.028282,4.86e-05
838,28,0.069154,0.000000,0.069154,4.85e-05
839,28,0.051702,0.000000,0.051702,4.84e-05
840,28,0.076928,0.000000,0.076928,4.83e-05
841,28,0.078365,0.000000,0.078365,4.82e-05
842,28,0.067423,0.000000,0.067423,4.81e-05
843,28,0.058387,0.000000,0.058387,4.79e-05
844,28,0.039830,0.000000,0.039830,4.78e-05
845,28,0.047458,0.000000,0.047458,4.77e-05
846,28,0.039262,0.000000,0.039262,4.76e-05
847,28,0.024252,0.000000,0.024252,4.75e-05
848,28,0.039217,0.000000,0.039217,4.74e-05
849,28,0.073191,0.000000,0.073191,4.73e-05
850,28,0.038651,0.000000,0.038651,4.72e-05
851,28,0.070044,0.000000,0.070044,4.71e-05
852,28,0.030195,0.000000,0.030195,4.70e-05
853,28,0.030359,0.000000,0.030359,4.69e-05
854,28,0.031040,0.000000,0.031040,4.68e-05
855,28,0.094267,0.000000,0.094267,4.66e-05
856,28,0.053727,0.000000,0.053727,4.65e-05
857,28,0.066708,0.000000,0.066708,4.64e-05
858,28,0.070811,0.000000,0.070811,4.63e-05
859,28,0.070284,0.000000,0.070284,4.62e-05
860,28,0.083654,0.000000,0.083654,4.61e-05
861,28,0.055568,0.000000,0.055568,4.60e-05
862,28,0.068642,0.000000,0.068642,4.59e-05
863,28,0.047617,0.000000,0.047617,4.58e-05
864,28,0.058661,0.000000,0.058661,4.57e-05
865,28,0.035052,0.000000,0.035052,4.56e-05
866,28,0.052960,0.000000,0.052960,4.55e-05
867,28,0.043251,0.000000,0.043251,4.53e-05
868,29,0.041569,0.000000,0.041569,4.52e-05
869,29,0.023908,0.000000,0.023908,4.51e-05
870,29,0.057462,0.000000,0.057462,4.50e-05
871,29,0.051781,0.000000,0.051781,4.49e-05
872,29,0.041239,0.000000,0.041239,4.48e-05
873,29,0.067946,0.000000,0.067946,4.47e-05
874,29,0.076159,0.000000,0.076159,4.46e-05
875,29,0.029610,0.000000,0.029610,4.45e-05
876,29,0.043680,0.000000,0.043680,4.44e-05
877,29,0.049166,0.000000,0.049166,4.43e-05
878,29,0.055589,0.000000,0.055589,4.42e-05
879,29,0.047365,0.000000,0.047365,4.41e-05
880,29,0.072033,0.000000,0.072033,4.39e-05
881,29,0.045367,0.000000,0.045367,4.38e-05
882,29,0.067358,0.000000,0.067358,4.37e-05
883,29,0.074992,0.000000,0.074992,4.36e-05
884,29,0.044733,0.000000,0.044733,4.35e-05
885,29,0.046671,0.000000,0.046671,4.34e-05
886,29,0.076240,0.000000,0.076240,4.33e-05
887,29,0.038172,0.000000,0.038172,4.32e-05
888,29,0.046266,0.000000,0.046266,4.31e-05
889,29,0.063692,0.000000,0.063692,4.30e-05
890,29,0.054773,0.000000,0.054773,4.29e-05
891,29,0.036668,0.000000,0.036668,4.28e-05
892,29,0.069348,0.000000,0.069348,4.27e-05
893,29,0.035023,0.000000,0.035023,4.26e-05
894,29,0.053396,0.000000,0.053396,4.24e-05
895,29,0.068378,0.000000,0.068378,4.23e-05
896,29,0.038693,0.000000,0.038693,4.22e-05
897,29,0.086504,0.000000,0.086504,4.21e-05
898,29,0.058164,0.000000,0.058164,4.20e-05
899,30,0.055734,0.000000,0.055734,4.19e-05
900,30,0.067376,0.000000,0.067376,4.18e-05
901,30,0.049662,0.000000,0.049662,4.17e-05
902,30,0.046231,0.000000,0.046231,4.16e-05
903,30,0.092744,0.000000,0.092744,4.15e-05
904,30,0.037389,0.000000,0.037389,4.14e-05
905,30,0.016236,0.000000,0.016236,4.13e-05
906,30,0.044112,0.000000,0.044112,4.12e-05
907,30,0.019876,0.000000,0.019876,4.11e-05
908,30,0.025156,0.000000,0.025156,4.10e-05
909,30,0.045949,0.000000,0.045949,4.08e-05
910,30,0.038716,0.000000,0.038716,4.07e-05
911,30,0.035073,0.000000,0.035073,4.06e-05
912,30,0.023131,0.000000,0.023131,4.05e-05
913,30,0.046616,0.000000,0.046616,4.04e-05
914,30,0.082761,0.000000,0.082761,4.03e-05
915,30,0.065551,0.000000,0.065551,4.02e-05
916,30,0.069531,0.000000,0.069531,4.01e-05
917,30,0.069000,0.000000,0.069000,4.00e-05
918,30,0.078854,0.000000,0.078854,3.99e-05
919,30,0.061381,0.000000,0.061381,3.98e-05
920,30,0.047070,0.000000,0.047070,3.97e-05
921,30,0.057851,0.000000,0.057851,3.96e-05
922,30,0.065180,0.000000,0.065180,3.95e-05
923,30,0.095128,0.000000,0.095128,3.94e-05
924,30,0.068336,0.000000,0.068336,3.93e-05
925,30,0.071920,0.000000,0.071920,3.91e-05
926,30,0.060093,0.000000,0.060093,3.90e-05
927,30,0.052549,0.000000,0.052549,3.89e-05
928,30,0.043322,0.000000,0.043322,3.88e-05
929,30,0.049706,0.000000,0.049706,3.87e-05
930,31,0.043660,0.000000,0.043660,3.86e-05
931,31,0.107261,0.000000,0.107261,3.85e-05
932,31,0.051681,0.000000,0.051681,3.84e-05
933,31,0.046127,0.000000,0.046127,3.83e-05
934,31,0.077225,0.000000,0.077225,3.82e-05
935,31,0.072847,0.000000,0.072847,3.81e-05
936,31,0.056218,0.000000,0.056218,3.80e-05
937,31,0.086755,0.000000,0.086755,3.79e-05
938,31,0.145057,0.000000,0.145057,3.78e-05
939,31,0.045330,0.000000,0.045330,3.77e-05
940,31,0.062963,0.000000,0.062963,3.76e-05
941,31,0.077973,0.000000,0.077973,3.75e-05
942,31,0.068265,0.000000,0.068265,3.74e-05
943,31,0.057711,0.000000,0.057711,3.73e-05
944,31,0.046052,0.000000,0.046052,3.71e-05
945,31,0.046116,0.000000,0.046116,3.70e-05
946,31,0.037030,0.000000,0.037030,3.69e-05
947,31,0.073922,0.000000,0.073922,3.68e-05
948,31,0.029962,0.000000,0.029962,3.67e-05
949,31,0.049184,0.000000,0.049184,3.66e-05
950,31,0.068279,0.000000,0.068279,3.65e-05
951,31,0.038383,0.000000,0.038383,3.64e-05
952,31,0.061777,0.000000,0.061777,3.63e-05
953,31,0.073307,0.000000,0.073307,3.62e-05
954,31,0.048228,0.000000,0.048228,3.61e-05
955,31,0.058219,0.000000,0.058219,3.60e-05
956,31,0.076691,0.000000,0.076691,3.59e-05
957,31,0.076330,0.000000,0.076330,3.58e-05
958,31,0.027785,0.000000,0.027785,3.57e-05
959,31,0.044643,0.000000,0.044643,3.56e-05
960,31,0.067357,0.000000,0.067357,3.55e-05
961,32,0.056816,0.000000,0.056816,3.54e-05
962,32,0.024993,0.000000,0.024993,3.53e-05
963,32,0.045645,0.000000,0.045645,3.52e-05
964,32,0.028139,0.000000,0.028139,3.51e-05
965,32,0.082990,0.000000,0.082990,3.50e-05
966,32,0.050020,0.000000,0.050020,3.49e-05
967,32,0.076192,0.000000,0.076192,3.48e-05
968,32,0.054191,0.000000,0.054191,3.47e-05
969,32,0.048492,0.000000,0.048492,3.45e-05
970,32,0.080054,0.000000,0.080054,3.44e-05
971,32,0.039753,0.000000,0.039753,3.43e-05
972,32,0.038539,0.000000,0.038539,3.42e-05
973,32,0.039742,0.000000,0.039742,3.41e-05
974,32,0.035380,0.000000,0.035380,3.40e-05
975,32,0.031903,0.000000,0.031903,3.39e-05
976,32,0.036765,0.000000,0.036765,3.38e-05
977,32,0.027108,0.000000,0.027108,3.37e-05
978,32,0.048138,0.000000,0.048138,3.36e-05
979,32,0.057039,0.000000,0.057039,3.35e-05
980,32,0.061984,0.000000,0.061984,3.34e-05
981,32,0.082816,0.000000,0.082816,3.33e-05
982,32,0.045887,0.000000,0.045887,3.32e-05
983,32,0.050373,0.000000,0.050373,3.31e-05
984,32,0.077819,0.000000,0.077819,3.30e-05
985,32,0.070760,0.000000,0.070760,3.29e-05
986,32,0.034365,0.000000,0.034365,3.28e-05
987,32,0.035018,0.000000,0.035018,3.27e-05
988,32,0.035045,0.000000,0.035045,3.26e-05
989,32,0.049124,0.000000,0.049124,3.25e-05
990,32,0.053700,0.000000,0.053700,3.24e-05
991,32,0.056537,0.000000,0.056537,3.23e-05
992,33,0.065387,0.000000,0.065387,3.22e-05
993,33,0.055757,0.000000,0.055757,3.21e-05
994,33,0.081538,0.000000,0.081538,3.20e-05
995,33,0.105779,0.000000,0.105779,3.19e-05
996,33,0.061834,0.000000,0.061834,3.18e-05
997,33,0.091926,0.000000,0.091926,3.17e-05
998,33,0.047699,0.000000,0.047699,3.16e-05
999,33,0.073191,0.000000,0.073191,3.15e-05
1000,33,0.062089,0.000000,0.062089,3.14e-05
1001,33,0.042561,0.000000,0.042561,3.13e-05
1002,33,0.070300,0.000000,0.070300,3.12e-05
1003,33,0.029534,0.000000,0.029534,3.11e-05
1004,33,0.053848,0.000000,0.053848,3.10e-05
1005,33,0.064989,0.000000,0.064989,3.09e-05
1006,33,0.054829,0.000000,0.054829,3.08e-05
1007,33,0.054830,0.000000,0.054830,3.07e-05
1008,33,0.062973,0.000000,0.062973,3.06e-05
1009,33,0.114360,0.000000,0.114360,3.05e-05
1010,33,0.074933,0.000000,0.074933,3.04e-05
1011,33,0.051830,0.000000,0.051830,3.03e-05
1012,33,0.031253,0.000000,0.031253,3.02e-05
1013,33,0.034827,0.000000,0.034827,3.01e-05
1014,33,0.096569,0.000000,0.096569,3.00e-05
1015,33,0.055503,0.000000,0.055503,2.99e-05
1016,33,0.043694,0.000000,0.043694,2.98e-05
1017,33,0.025707,0.000000,0.025707,2.97e-05
1018,33,0.114441,0.000000,0.114441,2.96e-05
1019,33,0.059637,0.000000,0.059637,2.95e-05
1020,33,0.027655,0.000000,0.027655,2.94e-05
1021,33,0.038484,0.000000,0.038484,2.93e-05
1022,33,0.059537,0.000000,0.059537,2.92e-05
1023,34,0.052957,0.000000,0.052957,2.91e-05
1024,34,0.089063,0.000000,0.089063,2.90e-05
1025,34,0.067113,0.000000,0.067113,2.89e-05
1026,34,0.038077,0.000000,0.038077,2.88e-05
1027,34,0.037634,0.000000,0.037634,2.87e-05
1028,34,0.023995,0.000000,0.023995,2.86e-05
1029,34,0.031964,0.000000,0.031964,2.85e-05
1030,34,0.038223,0.000000,0.038223,2.84e-05
1031,34,0.035599,0.000000,0.035599,2.83e-05
1032,34,0.042208,0.000000,0.042208,2.82e-05
1033,34,0.058288,0.000000,0.058288,2.81e-05
1034,34,0.055488,0.000000,0.055488,2.80e-05
1035,34,0.046467,0.000000,0.046467,2.79e-05
1036,34,0.065875,0.000000,0.065875,2.78e-05
1037,34,0.068700,0.000000,0.068700,2.77e-05
1038,34,0.114602,0.000000,0.114602,2.76e-05
1039,34,0.046767,0.000000,0.046767,2.75e-05
1040,34,0.052728,0.000000,0.052728,2.74e-05
1041,34,0.064057,0.000000,0.064057,2.73e-05
1042,34,0.036183,0.000000,0.036183,2.73e-05
1043,34,0.042275,0.000000,0.042275,2.72e-05
1044,34,0.089574,0.000000,0.089574,2.71e-05
1045,34,0.037138,0.000000,0.037138,2.70e-05
1046,34,0.041484,0.000000,0.041484,2.69e-05
1047,34,0.057443,0.000000,0.057443,2.68e-05
1048,34,0.063044,0.000000,0.063044,2.67e-05
1049,34,0.042637,0.000000,0.042637,2.66e-05
1050,34,0.058576,0.000000,0.058576,2.65e-05
1051,34,0.054487,0.000000,0.054487,2.64e-05
1052,34,0.050861,0.000000,0.050861,2.63e-05
1053,34,0.070216,0.000000,0.070216,2.62e-05
1054,35,0.030470,0.000000,0.030470,2.61e-05
1055,35,0.060441,0.000000,0.060441,2.60e-05
1056,35,0.077581,0.000000,0.077581,2.59e-05
1057,35,0.043997,0.000000,0.043997,2.58e-05
1058,35,0.024951,0.000000,0.024951,2.57e-05
1059,35,0.032721,0.000000,0.032721,2.56e-05
1060,35,0.061627,0.000000,0.061627,2.55e-05
1061,35,0.045766,0.000000,0.045766,2.54e-05
1062,35,0.051505,0.000000,0.051505,2.53e-05
1063,35,0.037802,0.000000,0.037802,2.53e-05
1064,35,0.036646,0.000000,0.036646,2.52e-05
1065,35,0.037011,0.000000,0.037011,2.51e-05
1066,35,0.076940,0.000000,0.076940,2.50e-05
1067,35,0.041138,0.000000,0.041138,2.49e-05
1068,35,0.083074,0.000000,0.083074,2.48e-05
1069,35,0.041489,0.000000,0.041489,2.47e-05
1070,35,0.034818,0.000000,0.034818,2.46e-05
1071,35,0.042316,0.000000,0.042316,2.45e-05
1072,35,0.034404,0.000000,0.034404,2.44e-05
1073,35,0.028349,0.000000,0.028349,2.43e-05
1074,35,0.046377,0.000000,0.046377,2.42e-05
1075,35,0.022386,0.000000,0.022386,2.41e-05
1076,35,0.047470,0.000000,0.047470,2.40e-05
1077,35,0.040334,0.000000,0.040334,2.39e-05
1078,35,0.058881,0.000000,0.058881,2.39e-05
1079,35,0.033025,0.000000,0.033025,2.38e-05
1080,35,0.065747,0.000000,0.065747,2.37e-05
1081,35,0.031386,0.000000,0.031386,2.36e-05
1082,35,0.023877,0.000000,0.023877,2.35e-05
1083,35,0.070036,0.000000,0.070036,2.34e-05
1084,35,0.067500,0.000000,0.067500,2.33e-05
1085,36,0.042379,0.000000,0.042379,2.32e-05
1086,36,0.065852,0.000000,0.065852,2.31e-05
1087,36,0.075470,0.000000,0.075470,2.30e-05
1088,36,0.060304,0.000000,0.060304,2.29e-05
1089,36,0.059711,0.000000,0.059711,2.28e-05
1090,36,0.050777,0.000000,0.050777,2.28e-05
1091,36,0.061212,0.000000,0.061212,2.27e-05
1092,36,0.083807,0.000000,0.083807,2.26e-05
1093,36,0.022496,0.000000,0.022496,2.25e-05
1094,36,0.024887,0.000000,0.024887,2.24e-05
1095,36,0.073429,0.000000,0.073429,2.23e-05
1096,36,0.027615,0.000000,0.027615,2.22e-05
1097,36,0.090233,0.000000,0.090233,2.21e-05
1098,36,0.068580,0.000000,0.068580,2.20e-05
1099,36,0.061767,0.000000,0.061767,2.19e-05
1100,36,0.029814,0.000000,0.029814,2.19e-05
1101,36,0.058087,0.000000,0.058087,2.18e-05
1102,36,0.062067,0.000000,0.062067,2.17e-05
1103,36,0.071029,0.000000,0.071029,2.16e-05
1104,36,0.039389,0.000000,0.039389,2.15e-05
1105,36,0.060482,0.000000,0.060482,2.14e-05
1106,36,0.038162,0.000000,0.038162,2.13e-05
1107,36,0.051387,0.000000,0.051387,2.12e-05
1108,36,0.060738,0.000000,0.060738,2.11e-05
1109,36,0.076406,0.000000,0.076406,2.11e-05
1110,36,0.047767,0.000000,0.047767,2.10e-05
1111,36,0.033673,0.000000,0.033673,2.09e-05
1112,36,0.031850,0.000000,0.031850,2.08e-05
1113,36,0.135652,0.000000,0.135652,2.07e-05
1114,36,0.064867,0.000000,0.064867,2.06e-05
1115,36,0.065047,0.000000,0.065047,2.05e-05
1116,37,0.026882,0.000000,0.026882,2.04e-05
1117,37,0.061546,0.000000,0.061546,2.03e-05
1118,37,0.054823,0.000000,0.054823,2.03e-05
1119,37,0.047627,0.000000,0.047627,2.02e-05
1120,37,0.043934,0.000000,0.043934,2.01e-05
1121,37,0.069069,0.000000,0.069069,2.00e-05
1122,37,0.055021,0.000000,0.055021,1.99e-05
1123,37,0.044335,0.000000,0.044335,1.98e-05
1124,37,0.047104,0.000000,0.047104,1.97e-05
1125,37,0.048220,0.000000,0.048220,1.97e-05
1126,37,0.067171,0.000000,0.067171,1.96e-05
1127,37,0.073148,0.000000,0.073148,1.95e-05
1128,37,0.050904,0.000000,0.050904,1.94e-05
1129,37,0.062900,0.000000,0.062900,1.93e-05
1130,37,0.045828,0.000000,0.045828,1.92e-05
1131,37,0.113031,0.000000,0.113031,1.91e-05
1132,37,0.031954,0.000000,0.031954,1.91e-05
1133,37,0.057735,0.000000,0.057735,1.90e-05
1134,37,0.128318,0.000000,0.128318,1.89e-05
1135,37,0.077649,0.000000,0.077649,1.88e-05
1136,37,0.055496,0.000000,0.055496,1.87e-05
1137,37,0.076814,0.000000,0.076814,1.86e-05
1138,37,0.044885,0.000000,0.044885,1.85e-05
1139,37,0.099310,0.000000,0.099310,1.85e-05
1140,37,0.084726,0.000000,0.084726,1.84e-05
1141,37,0.050530,0.000000,0.050530,1.83e-05
1142,37,0.046234,0.000000,0.046234,1.82e-05
1143,37,0.123778,0.000000,0.123778,1.81e-05
1144,37,0.036677,0.000000,0.036677,1.80e-05
1145,37,0.048184,0.000000,0.048184,1.80e-05
1146,37,0.085460,0.000000,0.085460,1.79e-05
1147,38,0.066812,0.000000,0.066812,1.78e-05
1148,38,0.031575,0.000000,0.031575,1.77e-05
1149,38,0.092936,0.000000,0.092936,1.76e-05
1150,38,0.013987,0.000000,0.013987,1.75e-05
1151,38,0.121201,0.000000,0.121201,1.75e-05
1152,38,0.057149,0.000000,0.057149,1.74e-05
1153,38,0.041271,0.000000,0.041271,1.73e-05
1154,38,0.032456,0.000000,0.032456,1.72e-05
1155,38,0.071219,0.000000,0.071219,1.71e-05
1156,38,0.050935,0.000000,0.050935,1.71e-05
1157,38,0.056194,0.000000,0.056194,1.70e-05
1158,38,0.060386,0.000000,0.060386,1.69e-05
1159,38,0.063058,0.000000,0.063058,1.68e-05
1160,38,0.111262,0.000000,0.111262,1.67e-05
1161,38,0.073689,0.000000,0.073689,1.67e-05
1162,38,0.040999,0.000000,0.040999,1.66e-05
1163,38,0.056355,0.000000,0.056355,1.65e-05
1164,38,0.067449,0.000000,0.067449,1.64e-05
1165,38,0.047315,0.000000,0.047315,1.63e-05
1166,38,0.053575,0.000000,0.053575,1.62e-05
1167,38,0.078166,0.000000,0.078166,1.62e-05
1168,38,0.031322,0.000000,0.031322,1.61e-05
1169,38,0.021842,0.000000,0.021842,1.60e-05
1170,38,0.042132,0.000000,0.042132,1.59e-05
1171,38,0.032773,0.000000,0.032773,1.59e-05
1172,38,0.122955,0.000000,0.122955,1.58e-05
1173,38,0.070017,0.000000,0.070017,1.57e-05
1174,38,0.072696,0.000000,0.072696,1.56e-05
1175,38,0.100693,0.000000,0.100693,1.55e-05
1176,38,0.066339,0.000000,0.066339,1.55e-05
1177,38,0.069852,0.000000,0.069852,1.54e-05
1178,39,0.034278,0.000000,0.034278,1.53e-05
1179,39,0.081417,0.000000,0.081417,1.52e-05
1180,39,0.084624,0.000000,0.084624,1.51e-05
1181,39,0.038178,0.000000,0.038178,1.51e-05
1182,39,0.041611,0.000000,0.041611,1.50e-05
1183,39,0.030876,0.000000,0.030876,1.49e-05
1184,39,0.037415,0.000000,0.037415,1.48e-05
1185,39,0.030988,0.000000,0.030988,1.48e-05
1186,39,0.034024,0.000000,0.034024,1.47e-05
1187,39,0.078494,0.000000,0.078494,1.46e-05
1188,39,0.084863,0.000000,0.084863,1.45e-05
1189,39,0.027194,0.000000,0.027194,1.45e-05
1190,39,0.069979,0.000000,0.069979,1.44e-05
1191,39,0.063059,0.000000,0.063059,1.43e-05
1192,39,0.080585,0.000000,0.080585,1.42e-05
1193,39,0.051952,0.000000,0.051952,1.42e-05
1194,39,0.024520,0.000000,0.024520,1.41e-05
1195,39,0.086025,0.000000,0.086025,1.40e-05
1196,39,0.106662,0.000000,0.106662,1.39e-05
1197,39,0.079839,0.000000,0.079839,1.38e-05
1198,39,0.060798,0.000000,0.060798,1.38e-05
1199,39,0.033932,0.000000,0.033932,1.37e-05
1200,39,0.035872,0.000000,0.035872,1.36e-05
1201,39,0.026273,0.000000,0.026273,1.36e-05
1202,39,0.018434,0.000000,0.018434,1.35e-05
1203,39,0.036423,0.000000,0.036423,1.34e-05
1204,39,0.045179,0.000000,0.045179,1.33e-05
1205,39,0.045745,0.000000,0.045745,1.33e-05
1206,39,0.058612,0.000000,0.058612,1.32e-05
1207,39,0.047683,0.000000,0.047683,1.31e-05
1208,39,0.038806,0.000000,0.038806,1.30e-05
1209,40,0.042137,0.000000,0.042137,1.30e-05
1210,40,0.072331,0.000000,0.072331,1.29e-05
1211,40,0.054932,0.000000,0.054932,1.28e-05
1212,40,0.038211,0.000000,0.038211,1.27e-05
1213,40,0.021500,0.000000,0.021500,1.27e-05
1214,40,0.063280,0.000000,0.063280,1.26e-05
1215,40,0.058498,0.000000,0.058498,1.25e-05
1216,40,0.066838,0.000000,0.066838,1.25e-05
1217,40,0.045398,0.000000,0.045398,1.24e-05
1218,40,0.085204,0.000000,0.085204,1.23e-05
1219,40,0.117947,0.000000,0.117947,1.22e-05
1220,40,0.140238,0.000000,0.140238,1.22e-05
1221,40,0.068524,0.000000,0.068524,1.21e-05
1222,40,0.078231,0.000000,0.078231,1.20e-05
1223,40,0.045138,0.000000,0.045138,1.20e-05
1224,40,0.064501,0.000000,0.064501,1.19e-05
1225,40,0.079418,0.000000,0.079418,1.18e-05
1226,40,0.066567,0.000000,0.066567,1.18e-05
1227,40,0.050061,0.000000,0.050061,1.17e-05
1228,40,0.041109,0.000000,0.041109,1.16e-05
1229,40,0.034709,0.000000,0.034709,1.15e-05
1230,40,0.043039,0.000000,0.043039,1.15e-05
1231,40,0.042353,0.000000,0.042353,1.14e-05
1232,40,0.041220,0.000000,0.041220,1.13e-05
1233,40,0.095139,0.000000,0.095139,1.13e-05
1234,40,0.034767,0.000000,0.034767,1.12e-05
1235,40,0.039420,0.000000,0.039420,1.11e-05
1236,40,0.059770,0.000000,0.059770,1.11e-05
1237,40,0.042208,0.000000,0.042208,1.10e-05
1238,40,0.034902,0.000000,0.034902,1.09e-05
1239,40,0.062999,0.000000,0.062999,1.09e-05
1240,41,0.040574,0.000000,0.040574,1.08e-05
1241,41,0.061145,0.000000,0.061145,1.07e-05
1242,41,0.023984,0.000000,0.023984,1.07e-05
1243,41,0.116232,0.000000,0.116232,1.06e-05
1244,41,0.087462,0.000000,0.087462,1.05e-05
1245,41,0.039550,0.000000,0.039550,1.05e-05
1246,41,0.059055,0.000000,0.059055,1.04e-05
1247,41,0.021519,0.000000,0.021519,1.03e-05
1248,41,0.089091,0.000000,0.089091,1.03e-05
1249,41,0.041949,0.000000,0.041949,1.02e-05
1250,41,0.061804,0.000000,0.061804,1.01e-05
1251,41,0.030790,0.000000,0.030790,1.01e-05
1252,41,0.055637,0.000000,0.055637,1.00e-05
1253,41,0.046058,0.000000,0.046058,9.93e-06
1254,41,0.048031,0.000000,0.048031,9.87e-06
1255,41,0.036170,0.000000,0.036170,9.81e-06
1256,41,0.083742,0.000000,0.083742,9.74e-06
1257,41,0.048682,0.000000,0.048682,9.68e-06
1258,41,0.101227,0.000000,0.101227,9.61e-06
1259,41,0.066132,0.000000,0.066132,9.55e-06
1260,41,0.043182,0.000000,0.043182,9.49e-06
1261,41,0.049956,0.000000,0.049956,9.42e-06
1262,41,0.046756,0.000000,0.046756,9.36e-06
1263,41,0.027005,0.000000,0.027005,9.30e-06
1264,41,0.053417,0.000000,0.053417,9.23e-06
1265,41,0.063938,0.000000,0.063938,9.17e-06
1266,41,0.062165,0.000000,0.062165,9.11e-06
1267,41,0.052428,0.000000,0.052428,9.05e-06
1268,41,0.049704,0.000000,0.049704,8.98e-06
1269,41,0.044665,0.000000,0.044665,8.92e-06
1270,41,0.041349,0.000000,0.041349,8.86e-06
1271,42,0.057833,0.000000,0.057833,8.80e-06
1272,42,0.042830,0.000000,0.042830,8.74e-06
1273,42,0.058001,0.000000,0.058001,8.68e-06
1274,42,0.048209,0.000000,0.048209,8.62e-06
1275,42,0.080104,0.000000,0.080104,8.55e-06
1276,42,0.059702,0.000000,0.059702,8.49e-06
1277,42,0.040784,0.000000,0.040784,8.43e-06
1278,42,0.089281,0.000000,0.089281,8.37e-06
1279,42,0.080762,0.000000,0.080762,8.31e-06
1280,42,0.051854,0.000000,0.051854,8.25e-06
1281,42,0.045089,0.000000,0.045089,8.19e-06
1282,42,0.059169,0.000000,0.059169,8.14e-06
1283,42,0.080886,0.000000,0.080886,8.08e-06
1284,42,0.071572,0.000000,0.071572,8.02e-06
1285,42,0.050213,0.000000,0.050213,7.96e-06
1286,42,0.056688,0.000000,0.056688,7.90e-06
1287,42,0.077180,0.000000,0.077180,7.84e-06
1288,42,0.051214,0.000000,0.051214,7.78e-06
1289,42,0.012223,0.000000,0.012223,7.73e-06
1290,42,0.069932,0.000000,0.069932,7.67e-06
1291,42,0.029997,0.000000,0.029997,7.61e-06
1292,42,0.051532,0.000000,0.051532,7.55e-06
1293,42,0.052342,0.000000,0.052342,7.50e-06
1294,42,0.041525,0.000000,0.041525,7.44e-06
1295,42,0.040375,0.000000,0.040375,7.38e-06
1296,42,0.143980,0.000000,0.143980,7.33e-06
1297,42,0.033772,0.000000,0.033772,7.27e-06
1298,42,0.069710,0.000000,0.069710,7.21e-06
1299,42,0.080503,0.000000,0.080503,7.16e-06
1300,42,0.022715,0.000000,0.022715,7.10e-06
1301,42,0.072640,0.000000,0.072640,7.05e-06
1302,43,0.035421,0.000000,0.035421,6.99e-06
1303,43,0.054121,0.000000,0.054121,6.94e-06
1304,43,0.051979,0.000000,0.051979,6.88e-06
1305,43,0.029101,0.000000,0.029101,6.83e-06
1306,43,0.037571,0.000000,0.037571,6.77e-06
1307,43,0.072124,0.000000,0.072124,6.72e-06
1308,43,0.066269,0.000000,0.066269,6.66e-06
1309,43,0.059959,0.000000,0.059959,6.61e-06
1310,43,0.077420,0.000000,0.077420,6.56e-06
1311,43,0.036352,0.000000,0.036352,6.50e-06
1312,43,0.087322,0.000000,0.087322,6.45e-06
1313,43,0.034423,0.000000,0.034423,6.40e-06
1314,43,0.077851,0.000000,0.077851,6.34e-06
1315,43,0.053054,0.000000,0.053054,6.29e-06
1316,43,0.086372,0.000000,0.086372,6.24e-06
1317,43,0.079913,0.000000,0.079913,6.18e-06
1318,43,0.137623,0.000000,0.137623,6.13e-06
1319,43,0.103147,0.000000,0.103147,6.08e-06
1320,43,0.079246,0.000000,0.079246,6.03e-06
1321,43,0.079442,0.000000,0.079442,5.98e-06
1322,43,0.089509,0.000000,0.089509,5.93e-06
1323,43,0.037091,0.000000,0.037091,5.88e-06
1324,43,0.037595,0.000000,0.037595,5.82e-06
1325,43,0.046966,0.000000,0.046966,5.77e-06
1326,43,0.042203,0.000000,0.042203,5.72e-06
1327,43,0.083136,0.000000,0.083136,5.67e-06
1328,43,0.037781,0.000000,0.037781,5.62e-06
1329,43,0.041962,0.000000,0.041962,5.57e-06
1330,43,0.052266,0.000000,0.052266,5.52e-06
1331,43,0.028157,0.000000,0.028157,5.47e-06
1332,43,0.040102,0.000000,0.040102,5.43e-06
1333,44,0.047642,0.000000,0.047642,5.38e-06
1334,44,0.058059,0.000000,0.058059,5.33e-06
1335,44,0.049141,0.000000,0.049141,5.28e-06
1336,44,0.046896,0.000000,0.046896,5.23e-06
1337,44,0.044156,0.000000,0.044156,5.18e-06
1338,44,0.073677,0.000000,0.073677,5.13e-06
1339,44,0.039959,0.000000,0.039959,5.09e-06
1340,44,0.053688,0.000000,0.053688,5.04e-06
1341,44,0.087736,0.000000,0.087736,4.99e-06
1342,44,0.052581,0.000000,0.052581,4.94e-06
1343,44,0.022189,0.000000,0.022189,4.90e-06
1344,44,0.026801,0.000000,0.026801,4.85e-06
1345,44,0.034802,0.000000,0.034802,4.80e-06
1346,44,0.093479,0.000000,0.093479,4.76e-06
1347,44,0.135376,0.000000,0.135376,4.71e-06
1348,44,0.035902,0.000000,0.035902,4.67e-06
1349,44,0.045465,0.000000,0.045465,4.62e-06
1350,44,0.046611,0.000000,0.046611,4.58e-06
1351,44,0.040708,0.000000,0.040708,4.53e-06
1352,44,0.078033,0.000000,0.078033,4.49e-06
1353,44,0.056453,0.000000,0.056453,4.44e-06
1354,44,0.048891,0.000000,0.048891,4.40e-06
1355,44,0.092245,0.000000,0.092245,4.35e-06
1356,44,0.037187,0.000000,0.037187,4.31e-06
1357,44,0.035489,0.000000,0.035489,4.26e-06
1358,44,0.045203,0.000000,0.045203,4.22e-06
1359,44,0.048028,0.000000,0.048028,4.18e-06
1360,44,0.051149,0.000000,0.051149,4.13e-06
1361,44,0.039534,0.000000,0.039534,4.09e-06
1362,44,0.040598,0.000000,0.040598,4.05e-06
1363,44,0.073472,0.000000,0.073472,4.01e-06
1364,45,0.052172,0.000000,0.052172,3.96e-06
1365,45,0.049174,0.000000,0.049174,3.92e-06
1366,45,0.048121,0.000000,0.048121,3.88e-06
1367,45,0.052349,0.000000,0.052349,3.84e-06
1368,45,0.048785,0.000000,0.048785,3.80e-06
1369,45,0.061112,0.000000,0.061112,3.75e-06
1370,45,0.049013,0.000000,0.049013,3.71e-06
1371,45,0.040085,0.000000,0.040085,3.67e-06
1372,45,0.061207,0.000000,0.061207,3.63e-06
1373,45,0.092760,0.000000,0.092760,3.59e-06
1374,45,0.022941,0.000000,0.022941,3.55e-06
1375,45,0.026027,0.000000,0.026027,3.51e-06
1376,45,0.037734,0.000000,0.037734,3.47e-06
1377,45,0.044673,0.000000,0.044673,3.43e-06
1378,45,0.060164,0.000000,0.060164,3.39e-06
1379,45,0.093286,0.000000,0.093286,3.35e-06
1380,45,0.029931,0.000000,0.029931,3.31e-06
1381,45,0.046205,0.000000,0.046205,3.28e-06
1382,45,0.059107,0.000000,0.059107,3.24e-06
1383,45,0.080570,0.000000,0.080570,3.20e-06
1384,45,0.049666,0.000000,0.049666,3.16e-06
1385,45,0.078332,0.000000,0.078332,3.12e-06
1386,45,0.056977,0.000000,0.056977,3.09e-06
1387,45,0.056844,0.000000,0.056844,3.05e-06
1388,45,0.082905,0.000000,0.082905,3.01e-06
1389,45,0.013718,0.000000,0.013718,2.97e-06
1390,45,0.053135,0.000000,0.053135,2.94e-06
1391,45,0.051502,0.000000,0.051502,2.90e-06
1392,45,0.050236,0.000000,0.050236,2.86e-06
1393,45,0.042828,0.000000,0.042828,2.83e-06
1394,45,0.033867,0.000000,0.033867,2.79e-06
1395,46,0.104348,0.000000,0.104348,2.76e-06
1396,46,0.056559,0.000000,0.056559,2.72e-06
1397,46,0.063262,0.000000,0.063262,2.69e-06
1398,46,0.044901,0.000000,0.044901,2.65e-06
1399,46,0.027927,0.000000,0.027927,2.62e-06
1400,46,0.059390,0.000000,0.059390,2.58e-06
1401,46,0.051272,0.000000,0.051272,2.55e-06
1402,46,0.061247,0.000000,0.061247,2.51e-06
1403,46,0.072847,0.000000,0.072847,2.48e-06
1404,46,0.075478,0.000000,0.075478,2.45e-06
1405,46,0.048764,0.000000,0.048764,2.41e-06
1406,46,0.008936,0.000000,0.008936,2.38e-06
1407,46,0.037867,0.000000,0.037867,2.35e-06
1408,46,0.090275,0.000000,0.090275,2.32e-06
1409,46,0.039989,0.000000,0.039989,2.28e-06
1410,46,0.069521,0.000000,0.069521,2.25e-06
1411,46,0.047515,0.000000,0.047515,2.22e-06
1412,46,0.074690,0.000000,0.074690,2.19e-06
1413,46,0.056507,0.000000,0.056507,2.15e-06
1414,46,0.046825,0.000000,0.046825,2.12e-06
1415,46,0.067295,0.000000,0.067295,2.09e-06
1416,46,0.050722,0.000000,0.050722,2.06e-06
1417,46,0.071600,0.000000,0.071600,2.03e-06
1418,46,0.097810,0.000000,0.097810,2.00e-06
1419,46,0.048566,0.000000,0.048566,1.97e-06
1420,46,0.064733,0.000000,0.064733,1.94e-06
1421,46,0.046201,0.000000,0.046201,1.91e-06
1422,46,0.076823,0.000000,0.076823,1.88e-06
1423,46,0.056248,0.000000,0.056248,1.85e-06
1424,46,0.055112,0.000000,0.055112,1.82e-06
1425,46,0.039360,0.000000,0.039360,1.79e-06
1426,47,0.030750,0.000000,0.030750,1.76e-06
1427,47,0.033447,0.000000,0.033447,1.74e-06
1428,47,0.051189,0.000000,0.051189,1.71e-06
1429,47,0.066275,0.000000,0.066275,1.68e-06
1430,47,0.125194,0.000000,0.125194,1.65e-06
1431,47,0.062789,0.000000,0.062789,1.63e-06
1432,47,0.051163,0.000000,0.051163,1.60e-06
1433,47,0.080626,0.000000,0.080626,1.57e-06
1434,47,0.063441,0.000000,0.063441,1.54e-06
1435,47,0.084496,0.000000,0.084496,1.52e-06
1436,47,0.039547,0.000000,0.039547,1.49e-06
1437,47,0.067856,0.000000,0.067856,1.46e-06
1438,47,0.100616,0.000000,0.100616,1.44e-06
1439,47,0.020386,0.000000,0.020386,1.41e-06
1440,47,0.044638,0.000000,0.044638,1.39e-06
1441,47,0.050041,0.000000,0.050041,1.36e-06
1442,47,0.063627,0.000000,0.063627,1.34e-06
1443,47,0.033004,0.000000,0.033004,1.31e-06
1444,47,0.047166,0.000000,0.047166,1.29e-06
1445,47,0.074359,0.000000,0.074359,1.26e-06
1446,47,0.032035,0.000000,0.032035,1.24e-06
1447,47,0.063151,0.000000,0.063151,1.22e-06
1448,47,0.058549,0.000000,0.058549,1.19e-06
1449,47,0.035194,0.000000,0.035194,1.17e-06
1450,47,0.024280,0.000000,0.024280,1.15e-06
1451,47,0.035326,0.000000,0.035326,1.12e-06
1452,47,0.056965,0.000000,0.056965,1.10e-06
1453,47,0.045034,0.000000,0.045034,1.08e-06
1454,47,0.045831,0.000000,0.045831,1.06e-06
1455,47,0.051250,0.000000,0.051250,1.03e-06
1456,47,0.063619,0.000000,0.063619,1.01e-06
1457,48,0.049254,0.000000,0.049254,9.90e-07
1458,48,0.044208,0.000000,0.044208,9.69e-07
1459,48,0.048333,0.000000,0.048333,9.48e-07
1460,48,0.051680,0.000000,0.051680,9.27e-07
1461,48,0.096211,0.000000,0.096211,9.06e-07
1462,48,0.038104,0.000000,0.038104,8.86e-07
1463,48,0.113592,0.000000,0.113592,8.65e-07
1464,48,0.024665,0.000000,0.024665,8.46e-07
1465,48,0.046787,0.000000,0.046787,8.26e-07
1466,48,0.063008,0.000000,0.063008,8.06e-07
1467,48,0.045465,0.000000,0.045465,7.87e-07
1468,48,0.127553,0.000000,0.127553,7.68e-07
1469,48,0.032602,0.000000,0.032602,7.49e-07
1470,48,0.060746,0.000000,0.060746,7.31e-07
1471,48,0.041329,0.000000,0.041329,7.12e-07
1472,48,0.069691,0.000000,0.069691,6.94e-07
1473,48,0.054726,0.000000,0.054726,6.76e-07
1474,48,0.035529,0.000000,0.035529,6.59e-07
1475,48,0.065715,0.000000,0.065715,6.41e-07
1476,48,0.089569,0.000000,0.089569,6.24e-07
1477,48,0.057474,0.000000,0.057474,6.07e-07
1478,48,0.095372,0.000000,0.095372,5.90e-07
1479,48,0.054364,0.000000,0.054364,5.74e-07
1480,48,0.023633,0.000000,0.023633,5.58e-07
1481,48,0.074900,0.000000,0.074900,5.42e-07
1482,48,0.056584,0.000000,0.056584,5.26e-07
1483,48,0.065566,0.000000,0.065566,5.10e-07
1484,48,0.052161,0.000000,0.052161,4.95e-07
1485,48,0.054376,0.000000,0.054376,4.80e-07
1486,48,0.058784,0.000000,0.058784,4.65e-07
1487,48,0.067358,0.000000,0.067358,4.50e-07
1488,49,0.062664,0.000000,0.062664,4.36e-07
1489,49,0.093210,0.000000,0.093210,4.22e-07
1490,49,0.042678,0.000000,0.042678,4.08e-07
1491,49,0.047623,0.000000,0.047623,3.94e-07
1492,49,0.028714,0.000000,0.028714,3.81e-07
1493,49,0.066329,0.000000,0.066329,3.68e-07
1494,49,0.035442,0.000000,0.035442,3.55e-07
1495,49,0.089251,0.000000,0.089251,3.42e-07
1496,49,0.072365,0.000000,0.072365,3.29e-07
1497,49,0.081087,0.000000,0.081087,3.17e-07
1498,49,0.070186,0.000000,0.070186,3.05e-07
1499,49,0.026589,0.000000,0.026589,2.93e-07
1500,49,0.033290,0.000000,0.033290,2.82e-07
1501,49,0.043815,0.000000,0.043815,2.70e-07
1502,49,0.043669,0.000000,0.043669,2.59e-07
1503,49,0.064921,0.000000,0.064921,2.48e-07
1504,49,0.054592,0.000000,0.054592,2.37e-07
1505,49,0.055212,0.000000,0.055212,2.27e-07
1506,49,0.047303,0.000000,0.047303,2.17e-07
1507,49,0.077178,0.000000,0.077178,2.07e-07
1508,49,0.062355,0.000000,0.062355,1.97e-07
1509,49,0.076719,0.000000,0.076719,1.88e-07
1510,49,0.045334,0.000000,0.045334,1.78e-07
1511,49,0.032811,0.000000,0.032811,1.69e-07
1512,49,0.020640,0.000000,0.020640,1.61e-07
1513,49,0.058240,0.000000,0.058240,1.52e-07
1514,49,0.056796,0.000000,0.056796,1.44e-07
1515,49,0.076251,0.000000,0.076251,1.36e-07
1516,49,0.039793,0.000000,0.039793,1.28e-07
1517,49,0.042932,0.000000,0.042932,1.20e-07
1518,49,0.034397,0.000000,0.034397,1.13e-07
1519,50,0.045736,0.000000,0.045736,1.06e-07
1520,50,0.064635,0.000000,0.064635,9.87e-08
1521,50,0.023060,0.000000,0.023060,9.20e-08
1522,50,0.068924,0.000000,0.068924,8.55e-08
1523,50,0.050263,0.000000,0.050263,7.93e-08
1524,50,0.033564,0.000000,0.033564,7.33e-08
1525,50,0.089896,0.000000,0.089896,6.76e-08
1526,50,0.067609,0.000000,0.067609,6.21e-08
1527,50,0.070516,0.000000,0.070516,5.68e-08
1528,50,0.035790,0.000000,0.035790,5.17e-08
1529,50,0.038176,0.000000,0.038176,4.69e-08
1530,50,0.033988,0.000000,0.033988,4.24e-08
1531,50,0.023313,0.000000,0.023313,3.80e-08
1532,50,0.099062,0.000000,0.099062,3.39e-08
1533,50,0.040703,0.000000,0.040703,3.00e-08
1534,50,0.032311,0.000000,0.032311,2.64e-08
1535,50,0.083001,0.000000,0.083001,2.30e-08
1536,50,0.035145,0.000000,0.035145,1.98e-08
1537,50,0.061650,0.000000,0.061650,1.69e-08
1538,50,0.039521,0.000000,0.039521,1.42e-08
1539,50,0.058576,0.000000,0.058576,1.17e-08
1540,50,0.041794,0.000000,0.041794,9.51e-09
1541,50,0.036770,0.000000,0.036770,7.51e-09
1542,50,0.040130,0.000000,0.040130,5.75e-09
1543,50,0.046905,0.000000,0.046905,4.22e-09
1544,50,0.067045,0.000000,0.067045,2.93e-09
1545,50,0.062552,0.000000,0.062552,1.88e-09
1546,50,0.062893,0.000000,0.062893,1.06e-09
1547,50,0.053375,0.000000,0.053375,4.69e-10
1548,50,0.040607,0.000000,0.040607,1.17e-10
1549,50,0.058462,0.000000,0.058462,0.00e+00
